﻿Vessels Name,IMO,MMSI,Class,Subclass,Length,Gross Tonnage,Age,Sailing,In Port,Waiting,Signal Lost,Dark Activity,Portcalls,Average dur. Portcalls,NM Sailed (k),Risk,Human expertise,NoAnomaly
KUBROSLI_Y,8000836,620797000,Cargo,Bulk Carrier,138,7788,42,67,75,131,92,38,19,95,14,High,1,0
HAJE ZAINAB,8025381,671573000,Cargo,Bulk Carrier,136,6498,42,66,138,158,3,0,24,138,14,Moderate,1,0
MOHAMAD Y,8107000,341156000,Cargo,Bulk Carrier,138,7788,42,71,94,169,31,9,22,102,15,Moderate,1,0
GOLDEN BIRD,8517580,357207000,Cargo,Bulk Carrier,122,7170,37,77,163,107,18,10,24,161,17,Low,0,0
AMADORE,8520824,249784000,Cargo,Bulk Carrier,143,8253,36,34,93,22,216,0,8,279,6,Low,0,0
DAYTONA H,8520836,620086000,Cargo,Bulk Carrier,143,8254,35,76,76,135,78,72,15,122,14,Moderate,1,0
PRINCE EZZ,8613126,620910000,Cargo,Bulk Carrier,122,7166,35,100,126,106,33,7,19,160,15,Low,0,0
MKK 1,8902929,511100551,Cargo,Bulk Carrier,144,9815,31,113,104,115,33,31,16,155,22,Low,0,0
BR GLORY,8907577,518558000,Cargo,Bulk Carrier,158,13695,33,115,65,73,112,95,12,101,23,Low,0,0
OMEGA_STAR,8917742,667001713,Cargo,Bulk Carrier,104,3828,32,223,69,69,4,0,28,59,59,Low,0,0
BRAVE LEADER,9033505,450559000,Cargo,Bulk Carrier,158,13706,31,103,154,99,9,0,23,161,24,Low,0,0
PRINCESS MANISSA,9084217,341260000,Cargo,Bulk Carrier,158,13725,29,79,114,114,58,54,14,196,21,High,1,0
ROYAL O,9084229,511100729,Cargo,Bulk Carrier,158,13865,29,126,121,71,47,39,22,132,31,High,1,0
ALKADI BEY,9085675,667001738,Cargo,Bulk Carrier,158,13865,28,122,81,86,76,71,19,102,30,High,1,0
REK KING,9085895,374377000,Cargo,Bulk Carrier,143,10490,26,120,164,80,1,0,27,146,27,Low,0,0
AYYILDIZ,9085900,373574000,Cargo,Bulk Carrier,143,10490,27,111,145,56,53,5,38,91,30,Low,0,0
BOMUSTAFA O,9114476,352001900,Cargo,Bulk Carrier,157,14599,28,125,74,166,0,0,10,145,33,Moderate,1,0
LITA,9117416,636016303,Cargo,Bulk Carrier,148,11121,28,148,156,58,3,0,20,163,38,Moderate,1,0
NEW ENAS,9118238,620718000,Cargo,Bulk Carrier,143,10421,27,57,116,106,86,75,21,132,12,Low,0,0
FORTUNA,9118252,314520000,Cargo,Bulk Carrier,143,10490,26,97,110,129,29,12,23,115,23,High,1,0
BEST HARMONY,9119086,373702000,Cargo,Bulk Carrier,154,14704,28,116,103,113,33,14,20,124,23,Low,0,0
BEREKET,9123702,374681000,Cargo,Bulk Carrier,154,14762,26,183,121,50,11,0,29,100,48,Moderate,1,0
KLC ERCIYES,9132480,314687000,Cargo,Bulk Carrier,142,10220,26,45,130,179,11,0,19,164,11,High,1,0
QUEEN SARA,9132507,667001896,Cargo,Bulk Carrier,142,10220,25,98,148,112,7,6,51,68,24,Low,0,0
PLUTUS,9132519,511100630,Cargo,Bulk Carrier,142,10220,25,118,104,120,23,16,13,191,27,High,1,0
MOAYAD Y,9135482,620999048,Cargo,Bulk Carrier,154,14754,27,89,53,198,25,25,13,86,14,High,1,0
BRAVE COMMANDER,9136931,450555000,Cargo,Bulk Carrier,151,14431,27,92,180,85,8,7,22,186,25,Low,0,0
PRINCE MOUHAMMAD,9138692,620428000,Cargo,Bulk Carrier,160,15888,25,59,75,79,152,139,16,112,17,High,1,0
MOHAMAD M,9141235,518998563,Cargo,Bulk Carrier,154,14747,26,179,98,87,1,0,28,84,50,High,1,0
NECO K,9146053,355969000,Cargo,Bulk Carrier,113,6001,27,46,114,204,1,0,20,136,10,Low,0,0
COMET,9146106,636016356,Cargo,Bulk Carrier,113,5997,26,54,211,14,86,0,22,230,15,Low,0,0
LADY PERLA,9149732,636021219,Cargo,Bulk Carrier,158,15355,26,65,87,210,3,0,19,105,18,Moderate,1,0
AMINEH M,9150743,518100289,Cargo,Bulk Carrier,149,13781,24,104,154,60,47,46,25,148,27,High,1,0
GOLDEN SHARK,9151383,511100789,Cargo,Bulk Carrier,148,11194,26,82,110,139,34,1,19,140,20,High,1,0
GANOSAYA,9151400,518100770,Cargo,Bulk Carrier,148,11246,26,63,134,144,24,23,20,161,15,Low,0,0
SALLY M,9152844,370998000,Cargo,Bulk Carrier,101,4569,26,89,92,167,17,8,21,106,14,Moderate,1,0
AQUIS PERLA,9161869,352187000,Cargo,Bulk Carrier,113,6079,26,92,159,112,2,0,50,76,22,Low,0,0
PUFFIN S,9164811,636019618,Cargo,Bulk Carrier,158,14118,24,120,135,108,2,0,30,108,29,Low,0,0
GOLDEN SEA,9173355,374156000,Cargo,Bulk Carrier,136,9973,26,166,127,70,2,3,23,133,39,Low,0,0
ANGELOS,9175913,518100232,Cargo,Bulk Carrier,151,14446,25,117,176,61,11,0,10,400,32,Low,0,0
BSL CALYPSO,9191448,314590000,Cargo,Bulk Carrier,154,15137,24,149,73,116,27,25,11,159,32,Low,0,0
DEEB BREEZE,9191577,312197000,Cargo,Bulk Carrier,113,6079,24,77,140,89,59,34,27,125,20,Low,0,0
ADAM JUNIOR,9194464,373092000,Cargo,Bulk Carrier,134,8492,24,47,205,37,76,6,16,309,12,High,1,0
RIZABEY,9197117,352001807,Cargo,Bulk Carrier,160,15609,24,117,95,82,71,0,25,85,28,High,1,0
LADY SPERANZA,9200574,630001013,Cargo,Bulk Carrier,141,9994,23,109,179,59,18,2,30,138,28,Low,0,0
OPTIMA,9210244,305162000,Cargo,Bulk Carrier,108,6204,23,160,153,47,5,0,34,107,34,Low,0,0
AILEEN,9214252,511234000,Cargo,Bulk Carrier,148,11194,23,81,93,183,8,0,37,60,18,Low,0,0
EYLEM,9223643,352102000,Cargo,Bulk Carrier,137,9978,23,177,110,78,0,0,37,71,45,Low,0,0
CECELA S,9227857,371202000,Cargo,Bulk Carrier,148,11194,23,143,128,84,10,5,36,85,41,Low,0,0
LADY AYSE,9227871,373042000,Cargo,Bulk Carrier,137,9978,22,125,125,115,0,0,32,91,33,Low,0,0
FANARIA,9228241,356187000,Cargo,Bulk Carrier,149,11395,23,144,126,92,3,1,21,144,33,Low,0,0
REK NOBLE,9229879,351820000,Cargo,Bulk Carrier,155,12578,21,74,36,13,242,0,6,146,7,Low,0,0
LADY SEMA,9233624,371043000,Cargo,Bulk Carrier,137,9978,22,159,115,90,1,0,29,94,42,High,1,0
ADNAN TORLAK,9243253,636019529,Cargo,Bulk Carrier,138,11403,22,174,109,71,11,0,29,90,40,Moderate,1,0
A LINE,9246920,577498000,Cargo,Bulk Carrier,115,7265,22,100,103,159,3,0,25,99,26,Moderate,1,0
MOHAC,9251042,636020510,Cargo,Bulk Carrier,135,9104,22,113,129,109,14,0,24,129,29,Low,0,0
NIMET TORLAK,9282948,636021041,Cargo,Bulk Carrier,138,11349,20,124,123,112,6,0,31,95,32,Low,0,0
GANNET S,9316995,636018923,Cargo,Bulk Carrier,135,9865,16,64,85,215,1,0,21,96,13,Moderate,1,0
AURORA ONE,9343819,538005792,Cargo,Bulk Carrier,115,7341,16,140,146,79,0,0,22,160,28,Low,0,0
COE LAURA,9343821,304031000,Cargo,Bulk Carrier,115,7341,15,158,105,95,7,0,44,56,40,Low,0,0
MAXIMUS-1,9344734,371564000,Cargo,Bulk Carrier,128,6177,19,85,132,138,10,1,22,144,14,Low,0,0
LADY DIVINA,9354052,314672000,Cargo,Bulk Carrier,140,11697,16,151,132,78,4,0,29,109,42,Moderate,1,0
PETREL S,9363883,636019558,Cargo,Bulk Carrier,140,11674,17,170,124,65,6,0,30,99,43,Low,0,0
ALEXIA I,9365049,538009439,Cargo,Bulk Carrier,133,6945,18,160,116,72,17,0,16,94,31,Low,0,0
FINIKIA,9385233,468395000,Cargo,Bulk Carrier,140,11767,14,51,60,40,214,110,15,96,12,High,1,0
ADAROSE,9392107,636019247,Cargo,Bulk Carrier,115,7404,14,145,170,34,16,0,41,99,34,Low,0,0
HATICE C,9396555,372658000,Cargo,Bulk Carrier,148,10122,16,157,134,72,2,0,27,119,32,Low,0,0
SMARTA,9396567,636019056,Cargo,Bulk Carrier,148,10130,16,39,26,17,283,166,7,90,10,Low,0,0
SUPRA,9397200,636019547,Cargo,Bulk Carrier,151,10299,17,141,134,89,1,0,32,99,33,High,1,0
THOE,9400588,538008688,Cargo,Bulk Carrier,136,7959,17,59,106,45,155,0,27,94,14,Low,0,0
LADY HATICE,9413078,356300000,Cargo,Bulk Carrier,140,11767,14,157,145,63,0,0,32,108,38,Low,0,0
SELECTA,9424807,636018116,Cargo,Bulk Carrier,146,9294,16,150,157,57,1,0,30,117,37,Low,0,0
BOLTEN SYMI,9427380,538008709,Cargo,Bulk Carrier,157,15861,14,212,117,35,1,0,106,27,49,Low,0,0
MALLARD S,9427392,636020193,Cargo,Bulk Carrier,157,15861,13,38,32,294,1,0,13,59,10,Low,0,0
LUCKY TRADER,9427574,314586000,Cargo,Bulk Carrier,157,15861,12,171,108,85,1,0,26,99,44,Low,0,0
FEDOR,9431977,273294380,Cargo,Bulk Carrier,134,6699,16,71,37,65,192,143,11,80,13,Low,0,0
SENATA,9451575,636013823,Cargo,Bulk Carrier,141,8289,15,203,90,72,0,0,30,72,41,High,1,0
MATRIX,9454125,352980836,Cargo,Bulk Carrier,113,5087,16,65,85,171,44,0,34,60,11,Moderate,1,0
LODESTAR,9470143,636020779,Cargo,Bulk Carrier,151,10784,15,118,148,96,3,0,50,70,29,Low,0,0
MEDIQUEEN,9476410,636020849,Cargo,Bulk Carrier,151,10784,15,140,136,84,5,1,38,86,31,Low,0,0
PRIDE,9480277,636021704,Cargo,Bulk Carrier,152,10784,15,109,153,93,10,2,45,82,26,Low,0,0
NAVIN EAGLE,9485186,538007990,Cargo,Bulk Carrier,113,5087,15,160,133,51,21,2,33,97,34,Low,0,0
BC RAEDA,9487598,314572000,Cargo,Bulk Carrier,158,15302,12,128,134,100,3,0,19,168,35,Low,0,0
STEVIE,9488035,636093123,Cargo,Bulk Carrier,139,9627,13,251,76,35,3,0,35,52,76,High,1,0
NAVIN FALCON,9492933,538007986,Cargo,Bulk Carrier,113,5087,15,120,124,120,1,0,25,119,26,Low,0,0
SACURA,9497000,636020540,Cargo,Bulk Carrier,139,8890,12,104,79,26,156,0,25,76,22,Low,0,0
BEHCET C,9503744,357250000,Cargo,Bulk Carrier,160,13675,14,120,91,146,8,1,21,104,25,Low,0,0
NAVIN HARRIER,9506409,538007989,Cargo,Bulk Carrier,113,5087,15,128,103,131,3,1,39,63,29,Low,0,0
ATA,9521899,370429000,Cargo,Bulk Carrier,150,10830,14,138,107,120,0,0,20,129,29,Low,0,0
NAVIN HAWK,9522738,538007987,Cargo,Bulk Carrier,113,5087,14,128,103,131,3,1,39,63,29,Low,0,0
ADAVEGA,9539339,636019710,Cargo,Bulk Carrier,115,7404,13,192,113,60,0,0,39,69,46,High,1,0
CANGA STAR,9540039,577556000,Cargo,Bulk Carrier,127,6756,12,132,73,75,85,3,27,65,28,Low,0,0
NAVIN VULTURE,9543328,538007988,Cargo,Bulk Carrier,113,5087,14,75,85,160,45,1,30,68,18,Low,0,0
AFINA I,9585015,248300000,Cargo,Bulk Carrier,139,8887,13,116,135,80,34,0,32,102,28,Low,0,0
MBC DAISY,9609902,256259000,Cargo,Bulk Carrier,146,10154,12,158,111,89,7,1,28,95,35,Low,0,0
STELLAR BALTIC,9614347,305610000,Cargo,Bulk Carrier,150,12825,11,161,156,48,0,0,28,134,42,Low,0,0
TRANSOCEAN,9644251,636020467,Cargo,Bulk Carrier,160,15732,11,172,130,48,15,1,19,162,42,Low,0,0
EEMSLIFT DAFNE,9671448,244810443,Cargo,Bulk Carrier,112,5460,9,247,91,22,5,5,132,17,80,Low,0,0
EEMSLIFT DAFNE,9671448,244810443,Cargo,Bulk Carrier,112,5460,9,235,78,49,3,0,42,44,73,Low,0,0
EEMSLIFT HENDRIKA,9671486,244790047,Cargo,Bulk Carrier,112,5460,8,235,78,49,3,0,42,44,73,Low,0,0
PROFESSOR B,8401523,620040000,Cargo,Container Vessel,152,10733,39,75,178,109,3,0,19,225,16,Low,0,0
ANNABELLA,8919788,620743000,Cargo,Container Vessel,123,7398,32,88,115,130,32,29,32,87,19,Low,0,0
MSC JENNY II,9000742,255805777,Cargo,Container Vessel,200,28397,29,117,199,49,0,0,84,57,31,Low,0,0
MSC TASMANIA,9008574,355129000,Cargo,Container Vessel,216,34231,30,131,157,77,0,0,87,43,34,Low,0,0
MSC AMERICA,9008603,355028000,Cargo,Container Vessel,216,34231,30,159,127,77,2,0,106,29,43,Low,0,0
MARTINE A,9020340,271041000,Cargo,Container Vessel,149,10546,30,169,132,41,23,17,77,41,41,Low,0,0
INGA A,9020352,271042494,Cargo,Container Vessel,149,10546,30,172,144,47,2,1,85,41,43,Low,0,0
MSC JEMIMA,9051478,352138000,Cargo,Container Vessel,202,30971,30,179,136,41,9,0,116,28,50,Low,0,0
MSC NILGUN,9051492,357191000,Cargo,Container Vessel,202,30971,29,203,124,38,0,0,117,25,48,Low,0,0
CHRISTINA 1,9061253,352898693,Cargo,Container Vessel,100,3992,30,58,182,123,2,0,30,132,13,Low,0,0
SCORPION 1,9061277,352898674,Cargo,Container Vessel,101,3992,30,74,182,90,19,1,42,104,17,Low,0,0
MSC LARA,9064748,355746000,Cargo,Container Vessel,203,28892,29,124,110,85,46,0,92,29,34,Low,0,0
MSC ELEONORA,9064750,356167000,Cargo,Container Vessel,203,28892,29,149,129,84,3,0,104,30,42,Low,0,0
MSC NITA,9084607,636018389,Cargo,Container Vessel,167,15859,27,168,135,50,12,5,109,30,45,Low,0,0
KORMORAN,9100061,671274100,Cargo,Container Vessel,108,3957,29,67,131,113,54,17,18,175,13,Low,0,0
MSC SENA,9116369,636017582,Cargo,Container Vessel,202,30280,27,199,136,19,11,0,84,39,61,Low,0,0
ADMIRAL DANIAL,9122227,511100380,Cargo,Container Vessel,101,3999,28,143,115,72,35,32,42,66,32,Low,0,0
A2B PROUD,9122239,245502000,Cargo,Container Vessel,101,3999,28,83,210,51,21,0,86,58,23,Low,0,0
ROZA A,9126742,271001057,Cargo,Container Vessel,169,15120,27,153,167,42,3,0,219,18,40,Low,0,0
TOMRIZ A,9126754,271001058,Cargo,Container Vessel,169,15120,26,121,163,69,12,0,154,25,36,Low,0,0
CORELLI,9126766,256648000,Cargo,Container Vessel,169,15120,26,165,119,75,6,2,104,27,43,Low,0,0
SARA STAR,9129471,370288000,Cargo,Container Vessel,101,3999,27,73,230,62,0,0,30,182,14,Low,0,0
UNI ASPIRE,9130573,353695000,Cargo,Container Vessel,165,14807,25,152,117,94,2,0,125,22,51,Low,0,0
UNI-ASSURE,9130597,357398000,Cargo,Container Vessel,165,14807,24,116,143,106,0,0,122,28,36,Low,0,0
DNIPRO LINE,9136371,272771000,Cargo,Container Vessel,110,2077,25,64,150,145,6,0,35,103,12,Low,0,0
NALI,9141340,357505000,Cargo,Container Vessel,110,2077,25,84,139,122,20,0,49,68,12,Low,0,0
MED AYDIN,9148025,271048694,Cargo,Container Vessel,196,29022,26,124,167,62,12,0,97,41,29,Low,0,0
WEC BOUMEESTER,9150080,255802680,Cargo,Container Vessel,132,5941,26,87,219,55,4,1,74,71,22,Low,0,0
MSC LEA,9162643,636018325,Cargo,Container Vessel,217,24836,23,194,93,78,0,0,98,23,52,Low,0,0
ALEXANDER MAERSK,9164237,219470000,Cargo,Container Vessel,155,14120,25,227,90,44,4,2,108,20,57,Low,0,0
MSC EDITH,9169029,636018324,Cargo,Container Vessel,216,25219,25,173,117,71,4,0,112,25,48,Low,0,0
MSC MARYLENA,9169031,255805947,Cargo,Container Vessel,216,25219,25,188,112,64,1,0,98,27,54,Low,0,0
MSC CAITLIN,9169043,636018323,Cargo,Container Vessel,216,25219,25,240,97,23,5,0,146,16,79,Low,0,0
MSC MIA SUMMER,9169067,636018326,Cargo,Container Vessel,216,25219,24,203,120,39,3,0,130,22,60,Low,0,0
MAERSK ANTWERP,9175781,477958500,Cargo,Container Vessel,155,14063,24,129,136,99,1,0,79,41,32,Low,0,0
MSC MASHA 3,9188219,255806109,Cargo,Container Vessel,184,21583,25,191,130,43,1,0,109,29,50,Low,0,0
NELE MAERSK,9192442,477648100,Cargo,Container Vessel,199,27773,23,223,86,44,12,0,85,24,62,Low,0,0
DUYGU,9199787,577165000,Cargo,Container Vessel,111,4388,23,160,115,87,3,0,35,78,35,Low,0,0
BMI EAGLE,9200093,271000578,Cargo,Container Vessel,114,4631,24,180,89,84,12,3,85,25,46,Low,0,0
UNI PHOENIX,9202170,357962000,Cargo,Container Vessel,182,17887,23,144,126,77,18,2,96,31,46,Low,0,0
WADI ALRAYAN,9208875,622121427,Cargo,Container Vessel,215,34083,23,109,186,55,15,0,130,34,24,Low,0,0
MSC ANDRIANA III,9222120,636021250,Cargo,Container Vessel,210,26582,22,166,132,46,21,0,80,40,43,Low,0,0
MSC SHIRLEY,9224049,636017022,Cargo,Container Vessel,188,23652,23,242,95,27,1,0,93,25,69,Low,0,0
MSC RHIANNON,9224051,636017023,Cargo,Container Vessel,188,23652,22,208,121,34,2,0,113,26,58,Low,0,0
MSC FLOSTA III,9232395,352001244,Cargo,Container Vessel,207,25630,21,243,114,6,2,0,90,30,68,Low,0,0
GRETA,9234422,312479000,Cargo,Container Vessel,100,2936,22,226,69,63,7,1,120,14,50,Low,0,0
SC POTOMAC,9236274,636020662,Cargo,Container Vessel,149,10308,21,137,154,41,33,0,132,28,35,Low,0,0
HAJ YEHIA,9237931,511100746,Cargo,Container Vessel,100,4419,23,102,195,60,8,2,37,126,24,Low,0,0
YIGITCAN A,9238076,215424000,Cargo,Container Vessel,156,14193,22,190,107,68,0,0,154,17,52,Low,0,0
MSC PAMIRA III,9239903,636021246,Cargo,Container Vessel,212,27322,21,197,117,48,3,0,94,30,48,Low,0,0
AURETTE A,9242285,215413000,Cargo,Container Vessel,155,14236,21,178,124,58,5,1,88,34,52,Low,0,0
ELBE,9244180,636021322,Cargo,Container Vessel,133,6191,22,185,127,36,17,0,194,16,58,Low,0,0
CARDONIA,9253026,636090799,Cargo,Container Vessel,222,28596,20,204,141,18,2,0,228,15,67,Low,0,0
MSC SUEDEROOG F,9256327,636022047,Cargo,Container Vessel,161,15633,18,162,118,83,2,0,129,22,43,Low,0,0
MERIOS,9264764,352408000,Cargo,Container Vessel,133,6704,20,187,112,57,9,6,145,19,59,Low,0,0
SHIBA,9270646,422027500,Cargo,Container Vessel,187,23289,13,229,55,79,2,0,33,40,70,High,1,0
DAISY,9270684,422905000,Cargo,Container Vessel,187,23289,11,228,61,75,1,0,29,50,71,High,1,0
ARTABAZ,9283007,422039100,Cargo,Container Vessel,207,25391,20,131,77,157,0,0,25,72,43,High,1,0
AZARGOUN,9283019,422039300,Cargo,Container Vessel,207,25391,20,159,65,114,27,27,43,37,53,High,1,0
ARTENOS,9283021,422039200,Cargo,Container Vessel,207,25391,19,117,144,102,2,0,36,96,37,High,1,0
ARZIN,9284142,422038900,Cargo,Container Vessel,207,25391,19,142,98,103,22,0,42,56,37,High,1,0
KONRAD,9292125,636020910,Cargo,Container Vessel,175,18334,18,194,81,88,2,0,72,27,66,Low,0,0
JULIUS S,9294018,304010000,Cargo,Container Vessel,207,25672,19,212,105,41,7,0,58,43,65,Low,0,0
MSC ANTWERP III,9304746,636021517,Cargo,Container Vessel,212,27059,18,178,127,55,5,0,122,25,53,Low,0,0
CONTSHIP SEA,9306213,636019225,Cargo,Container Vessel,168,15345,16,168,119,73,5,0,123,23,48,Low,0,0
CONTSHIP RUN,9306237,636019221,Cargo,Container Vessel,168,15345,16,163,114,81,7,0,99,28,49,Low,0,0
ASTRID L,9306835,304903000,Cargo,Container Vessel,148,9931,17,187,95,81,2,0,122,19,53,Low,0,0
NAVIOS SUMMER,9308003,538008152,Cargo,Container Vessel,239,36483,17,189,146,27,3,0,176,20,59,Low,0,0
CONTSHIP FUN,9308613,636019053,Cargo,Container Vessel,139,9981,17,226,101,35,3,0,111,22,58,Low,0,0
ODYSSEUS,9315824,636016770,Cargo,Container Vessel,222,28592,17,203,124,34,4,1,163,18,63,Low,0,0
SASKIA A,9315927,271044177,Cargo,Container Vessel,222,28927,16,165,140,60,0,0,155,22,52,Low,0,0
ADILIA 1,9318761,255806330,Cargo,Container Vessel,140,9701,19,207,129,28,1,1,140,22,56,Low,0,0
YM INVENTIVE,9319105,636012798,Cargo,Container Vessel,173,16488,16,142,163,60,0,0,130,29,41,Low,0,0
MSC AMANDA F,9319600,255805966,Cargo,Container Vessel,139,9981,17,168,148,48,1,0,108,33,49,Low,0,0
STADT DRESDEN,9320049,255806065,Cargo,Container Vessel,222,27971,17,207,120,37,1,0,107,27,48,Low,0,0
CMA CGM ABIDJAN,9323481,256022000,Cargo,Container Vessel,175,18327,16,171,132,62,0,0,92,32,52,Low,0,0
ALOPO,9329564,636019446,Cargo,Container Vessel,130,7464,18,174,107,82,2,0,137,19,50,Low,0,0
SATIE,9330513,229978000,Cargo,Container Vessel,222,28616,17,172,136,57,0,0,145,22,61,Low,0,0
CONTSHIP DON,9347956,636019245,Cargo,Container Vessel,148,9948,17,218,93,54,0,0,129,17,62,Low,0,0
CONTSHIP JET,9348625,636019532,Cargo,Container Vessel,160,14016,16,125,115,94,31,0,101,27,42,Low,0,0
CONTSHIP JOY,9349174,636020064,Cargo,Container Vessel,141,10965,16,195,120,42,8,0,142,20,56,Low,0,0
TASMAN STRAIT,9351218,636092855,Cargo,Container Vessel,175,18123,15,167,97,101,0,0,80,29,50,Low,0,0
ANDANTE,9354387,255805845,Cargo,Container Vessel,134,9962,16,167,146,51,1,0,100,35,51,Low,0,0
SAFMARINE NAKURU,9356103,477552900,Cargo,Container Vessel,211,25904,15,182,112,71,0,0,140,19,49,Low,0,0
SAFMARINE NUBA,9356115,477552100,Cargo,Container Vessel,210,25904,15,215,96,54,0,0,96,24,59,Low,0,0
JONATHAN P,9357872,636020153,Cargo,Container Vessel,177,18480,17,188,93,82,2,0,83,27,59,Low,0,0
ZIM NEW ZEALAND,9366471,636021506,Cargo,Container Vessel,150,10308,16,206,120,38,1,0,123,23,71,Low,0,0
ELBSPIRIT,9372860,636091619,Cargo,Container Vessel,229,36087,15,191,120,54,0,0,111,26,56,Low,0,0
JETTE,9374117,255806253,Cargo,Container Vessel,148,9957,16,185,89,63,28,26,102,21,50,Low,0,0
NAVI BALTIC,9386718,255805884,Cargo,Container Vessel,168,17488,14,203,135,27,0,0,135,24,67,Low,0,0
OYSTER,9418884,372797000,Cargo,Container Vessel,136,7393,15,139,116,107,3,0,18,155,34,Low,0,0
CMA CGM AMBARLI,9436422,256019000,Cargo,Container Vessel,231,35991,15,173,121,55,16,16,115,25,51,Low,0,0
BACH,9436458,636018739,Cargo,Container Vessel,231,35991,14,227,95,39,4,0,94,24,83,Low,0,0
AS FATIMA,9437191,255806067,Cargo,Container Vessel,166,15334,15,186,125,48,6,0,86,35,53,Low,0,0
ADMIRAL MOON,9437220,636020582,Cargo,Container Vessel,139,9946,15,242,87,36,0,0,128,16,69,Low,0,0
ADMIRAL SUN,9437244,636020581,Cargo,Container Vessel,139,9946,15,207,91,65,2,0,116,19,66,Low,0,0
WARNOW MASTER,9449833,636093095,Cargo,Container Vessel,180,17068,14,172,153,37,3,0,120,30,55,Low,0,0
AS ANITA,9470961,636018745,Cargo,Container Vessel,189,21842,13,168,129,67,1,2,118,26,49,Low,0,0
JPO AQUILA,9477359,636022261,Cargo,Container Vessel,161,16137,13,185,112,37,31,22,90,30,52,Low,0,0
VIVIEN A,9491848,271040635,Cargo,Container Vessel,210,26195,13,197,136,32,0,0,157,21,61,Low,0,0
GULBENIZ A,9491850,271042493,Cargo,Container Vessel,210,26195,12,175,145,45,0,0,163,21,55,Low,0,0
MARIONA,7113624,677085700,Cargo,General Cargo,77,1977,52,161,62,94,48,33,40,37,34,Low,0,0
ARMONY,7615012,677041700,Cargo,General Cargo,71,1690,46,94,197,69,5,0,62,77,16,Low,0,0
DORO,7636987,750237000,Cargo,General Cargo,66,1114,46,133,158,57,17,7,44,86,22,Low,0,0
TAXIARCHIS M,7711907,240477700,Cargo,General Cargo,80,2041,44,95,172,18,80,0,72,57,18,High,1,0
JAGUAR,7726990,511942000,Cargo,General Cargo,80,1925,45,54,107,180,24,11,37,70,10,Moderate,1,0
NANDA C,7808097,620999041,Cargo,General Cargo,69,998,42,56,107,167,35,14,42,61,10,Moderate,1,0
ARCHON MICHAEL,7816135,667002006,Cargo,General Cargo,80,1713,44,115,83,96,71,1,55,36,15,Low,0,0
KARADENIZ-5,7816513,511100608,Cargo,General Cargo,74,996,42,84,165,101,15,0,65,61,13,Low,0,0
SEA MERCY,7911595,511100849,Cargo,General Cargo,81,2343,42,94,129,107,35,28,29,107,17,Moderate,1,0
SEA STAR,7929619,511100426,Cargo,General Cargo,80,3433,43,89,86,168,22,4,28,74,10,Moderate,1,0
RAYAN,8003931,671208000,Cargo,General Cargo,81,2225,43,51,198,107,9,0,31,151,9,Low,0,0
LOYGA,8004791,630001006,Cargo,General Cargo,80,3433,42,66,99,189,11,2,44,54,10,Moderate,1,0
OLMA,8004806,334029000,Cargo,General Cargo,80,3433,42,83,116,137,29,26,29,96,15,Low,0,0
CPT.ERSOY SAKAR,8101599,577610000,Cargo,General Cargo,78,996,40,130,43,146,46,0,19,55,21,High,1,0
AL RAHMANI,8104606,671306100,Cargo,General Cargo,81,2363,42,68,156,73,68,52,32,117,10,Moderate,1,0
YILMAZ KAPTAN,8132598,577592000,Cargo,General Cargo,73,942,44,114,107,142,2,0,56,46,18,Low,0,0
KAAN S,8139302,667002104,Cargo,General Cargo,72,856,44,130,103,125,7,4,116,21,17,Low,0,0
RED LINE,8200802,577568000,Cargo,General Cargo,78,1525,40,71,183,80,31,13,40,103,13,High,1,0
HAPPY WOLF,8207410,577577000,Cargo,General Cargo,68,1560,40,136,112,100,17,2,34,79,18,Low,0,0
EYMEN E,8218378,577576000,Cargo,General Cargo,79,1249,40,70,181,110,4,2,75,58,13,Low,0,0
SEALOCK,8218380,677041000,Cargo,General Cargo,80,1343,38,123,115,116,11,2,26,105,15,High,1,0
GELIBOLU 2,8319976,613199630,Cargo,General Cargo,79,997,39,145,93,89,38,8,44,51,15,High,1,0
STARLET,8401559,375166000,Cargo,General Cargo,75,1289,39,115,125,118,7,0,48,62,21,Low,0,0
HELT,8402589,354831000,Cargo,General Cargo,79,1473,38,20,31,39,275,0,15,49,3,Low,0,0
GERDA S,8402656,577573000,Cargo,General Cargo,79,998,39,111,127,66,61,3,34,88,18,High,1,0
NESA,8409654,577489000,Cargo,General Cargo,82,1559,39,163,105,75,22,2,35,69,22,Low,0,0
EVEREST,8411633,630001021,Cargo,General Cargo,79,1132,38,146,81,99,39,1,51,38,23,Low,0,0
LHOTSE C,8411669,620651000,Cargo,General Cargo,79,998,38,114,76,126,49,11,32,57,18,High,1,0
SEA TURTLE,8411671,620999038,Cargo,General Cargo,79,998,38,107,70,128,60,2,44,35,17,High,1,0
SNOWLARK,8412417,577562000,Cargo,General Cargo,75,1289,39,129,105,126,5,0,31,81,17,Low,0,0
FORTIUS,8420701,577288000,Cargo,General Cargo,75,1291,38,84,139,129,13,1,42,80,14,Low,0,0
NS THUNDER,8422010,629009077,Cargo,General Cargo,82,1559,39,184,82,94,5,4,42,47,29,Low,0,0
SEBA,8505939,620282000,Cargo,General Cargo,75,1300,38,173,102,51,39,10,52,37,27,Low,0,0
NAJVA 3,8506024,422566800,Cargo,General Cargo,79,1139,37,147,58,115,45,2,30,47,26,High,1,0
MY EFEKAN 2,8509002,577408000,Cargo,General Cargo,81,1567,37,171,92,99,3,0,44,50,27,Low,0,0
SULINA,8509363,677064900,Cargo,General Cargo,78,2007,38,75,61,201,28,18,31,47,14,High,1,0
BMO RIVER,8511914,511100682,Cargo,General Cargo,79,1318,37,35,46,70,214,91,34,32,7,Low,0,0
ALTIUS,8511938,577249000,Cargo,General Cargo,74,1163,38,162,75,105,23,9,47,38,32,High,1,0
ERHAN ARAZ,8512059,271000388,Cargo,General Cargo,80,2435,36,59,189,113,4,0,53,86,13,Low,0,0
BERK,8519942,613942700,Cargo,General Cargo,58,794,37,73,104,98,90,29,38,66,11,High,1,0
BANU,8519954,667001368,Cargo,General Cargo,58,794,37,60,97,53,155,107,33,70,10,High,1,0
MY DURU,8602000,577302000,Cargo,General Cargo,74,1525,37,157,138,64,6,0,72,46,26,Low,0,0
GELIBOLU,8611996,613919601,Cargo,General Cargo,81,1272,37,109,108,125,23,6,48,53,17,Moderate,1,0
SVITOCH,8806084,620879000,Cargo,General Cargo,69,910,35,57,185,89,34,4,14,318,7,High,1,0
SAHIN 2,8817198,577543000,Cargo,General Cargo,75,1882,35,111,173,79,2,0,62,67,17,Low,0,0
BARLAS,8827430,374343000,Cargo,General Cargo,54,875,35,92,104,166,3,2,45,56,15,Moderate,1,0
FIRTINA S,8834940,577454000,Cargo,General Cargo,76,1248,35,113,104,148,0,0,60,42,20,Low,0,0
ERDOGAN SENKAYA,8857655,271002242,Cargo,General Cargo,76,1239,32,94,125,120,26,9,33,91,15,Low,0,0
LIME,8857954,272176700,Cargo,General Cargo,78,2457,52,107,79,164,15,0,28,68,8,Moderate,1,0
DOGANAY,8876584,518857000,Cargo,General Cargo,81,1592,30,133,148,80,4,1,46,77,23,Low,0,0
INCI,8936425,613003921,Cargo,General Cargo,58,199,26,172,44,147,2,0,36,28,27,High,1,0
MAMAIA 2,8942228,264162049,Cargo,General Cargo,37,120,40,13,239,14,99,0,42,136,1,Low,0,0
MECIT KAPTAN,8943351,314578000,Cargo,General Cargo,77,1243,25,188,98,69,10,0,55,43,37,Low,0,0
ADA ZEYNEP,8947876,577455000,Cargo,General Cargo,73,906,28,136,87,129,13,0,55,38,22,Low,0,0
NORDBERG,8952467,511100562,Cargo,General Cargo,76,1490,24,159,81,103,22,1,42,43,37,Low,0,0
EAST BLACKSEA,9002453,542457110,Cargo,General Cargo,69,999,32,187,51,126,1,0,40,31,30,Low,0,0
BLUE SHARK,9003770,671377100,Cargo,General Cargo,63,1907,33,101,66,181,17,2,21,76,20,Moderate,1,0
KAPTAN CEVDET,9005895,271002103,Cargo,General Cargo,81,1572,30,42,258,56,9,2,30,207,8,Moderate,1,0
ALCON,9006423,457347000,Cargo,General Cargo,78,1382,32,88,97,160,20,0,38,61,12,Moderate,1,0
HAPPY GOKAY,9006435,577499000,Cargo,General Cargo,78,1382,32,150,108,102,5,0,56,46,19,Low,0,0
MY DEFNE,9006447,577505000,Cargo,General Cargo,78,1382,31,150,101,77,37,4,47,499,23,Low,0,0
MY REYHAN,9006459,577506000,Cargo,General Cargo,78,1382,30,87,138,132,8,0,65,51,15,Low,0,0
FRIENDSHIP S,9011973,375494000,Cargo,General Cargo,80,1574,32,204,80,66,15,0,41,47,37,Low,0,0
DOLPHIN E,9013012,511100815,Cargo,General Cargo,79,1276,32,103,76,108,78,6,37,50,17,Moderate,1,0
PGE LILY,9013024,511100615,Cargo,General Cargo,75,1247,32,102,82,163,18,1,44,45,18,Low,0,0
LAROZ,9017202,577536000,Cargo,General Cargo,74,1425,32,132,152,75,6,1,33,110,26,Low,0,0
BOZAT,9030462,352001177,Cargo,General Cargo,75,1512,31,149,142,70,4,0,60,57,23,Low,0,0
VICTRESS,9030498,357544000,Cargo,General Cargo,75,1512,31,147,81,108,29,9,41,47,23,Low,0,0
VENTURE,9030503,305477000,Cargo,General Cargo,75,1513,31,146,84,125,10,1,43,47,22,Low,0,0
ANNAPURNA,9033878,511100694,Cargo,General Cargo,65,1189,32,133,141,83,8,2,75,45,24,Low,0,0
ZEYBE,9040663,511100782,Cargo,General Cargo,72,1511,29,165,77,114,9,4,56,33,30,High,1,0
ANNA,9040962,271002144,Cargo,General Cargo,75,1488,29,101,155,108,1,1,72,52,17,Low,0,0
PGE TORNADO,9055187,370601000,Cargo,General Cargo,81,1598,31,124,89,131,21,11,41,52,22,Low,0,0
WINSEN,9066057,371281000,Cargo,General Cargo,81,1596,30,211,82,69,3,0,54,36,39,Low,0,0
WILBERG,9078531,511100588,Cargo,General Cargo,76,1518,30,158,66,78,63,0,28,55,35,Low,0,0
WALKER,9103972,577513000,Cargo,General Cargo,81,1596,29,130,138,87,10,4,86,38,24,Low,0,0
BIEN,9109653,613003549,Cargo,General Cargo,56,398,29,168,85,99,13,2,48,42,36,Low,0,0
KLAUSEN,9111553,351222000,Cargo,General Cargo,82,1554,28,172,79,106,8,4,41,43,31,Low,0,0
MAY B,9138757,352563000,Cargo,General Cargo,78,1598,27,188,91,73,13,1,45,49,37,Low,0,0
EMINE ANNE,9145360,577397000,Cargo,General Cargo,69,884,27,112,119,119,15,4,59,48,23,High,1,0
COUSINS,9161156,511100807,Cargo,General Cargo,72,1246,26,115,109,87,54,4,42,62,21,Moderate,1,0
YAREN S,9187966,271002352,Cargo,General Cargo,78,1225,25,123,118,112,12,5,49,58,23,Low,0,0
MARY,9187978,271002353,Cargo,General Cargo,74,1220,25,103,152,109,1,0,70,52,21,Low,0,0
NACIYE K,9217577,374331000,Cargo,General Cargo,76,1233,23,158,88,106,13,0,54,39,34,Low,0,0
DAFNE H,9257204,511100603,Cargo,General Cargo,81,1998,22,101,131,80,53,0,20,155,20,Moderate,1,0
GANDA,9298129,256387000,Cargo,General Cargo,80,1850,20,224,87,50,4,0,62,34,38,Low,0,0
DENIZKONAK,9303895,271000732,Cargo,General Cargo,80,1919,19,95,105,80,85,8,36,70,19,Low,0,0
YILMAZ DENIZ,9318278,370773000,Cargo,General Cargo,81,2032,18,140,119,100,6,2,43,66,29,Low,0,0
GULIZAR ANA,9335355,271000825,Cargo,General Cargo,81,2132,18,108,92,129,36,10,45,49,24,Low,0,0
ASIM IMAMOGLU,9357078,271000829,Cargo,General Cargo,80,1587,18,188,109,66,2,0,57,44,41,Low,0,0
FG SEFA,9359210,352001626,Cargo,General Cargo,81,1972,18,110,82,170,3,1,37,53,18,Moderate,1,0
PARAKLITOS,9367841,352980872,Cargo,General Cargo,81,1972,17,134,145,75,11,4,50,70,24,Low,0,0
AHMET CAN,9368182,371734000,Cargo,General Cargo,81,1972,17,125,97,123,20,2,39,60,22,Low,0,0
TEK,9368637,577575000,Cargo,General Cargo,80,1997,17,99,165,76,25,3,23,173,20,Low,0,0
SAFFET AGA,9376282,511100560,Cargo,General Cargo,81,2321,16,140,105,116,4,0,49,52,24,Low,0,0
NUR,9389370,577448000,Cargo,General Cargo,81,1972,17,160,75,112,18,1,36,50,29,Low,0,0
KEMAL KURU,9418080,352437000,Cargo,General Cargo,81,2544,16,91,97,125,52,0,33,70,16,Low,0,0
DIMAIZO,9427548,357415000,Cargo,General Cargo,81,2431,16,108,151,95,11,6,50,73,20,Low,0,0
TOLMI,9467782,636021738,Cargo,General Cargo,81,1971,16,114,131,49,71,1,48,65,20,Low,0,0
DES,9523237,372504000,Cargo,General Cargo,81,1972,15,221,89,55,0,0,37,54,40,High,1,0
SEA STAR LIVESTOCK,6422303,671781000,Cargo,Livestock Carrier,73,1446,59,143,166,41,15,4,18,221,30,High,1,0
LADY MARIA,6518425,677062000,Cargo,Livestock Carrier,72,998,58,156,52,54,103,76,20,63,21,Moderate,1,0
MAYSA,6829082,374029000,Cargo,Livestock Carrier,78,1372,55,117,145,70,33,30,22,158,23,Low,0,0
JANAY,7015509,671011000,Cargo,Livestock Carrier,74,1090,53,100,51,44,170,0,25,49,18,High,1,0
UNIMAR LIVESTOCK,7021821,671345000,Cargo,Livestock Carrier,92,2248,53,257,54,46,8,0,32,41,55,Low,0,0
PACIFIC M,7041053,671659000,Cargo,Livestock Carrier,89,2987,53,229,32,102,2,1,30,25,50,High,1,0
NABOLSI I,7128760,357933000,Cargo,Livestock Carrier,75,1259,51,166,138,56,5,0,32,103,31,High,1,0
MARIONA STAR,7222982,677015500,Cargo,Livestock Carrier,78,1895,51,132,54,90,89,48,35,34,29,Low,0,0
LADY RASHA,7223041,677030700,Cargo,Livestock Carrier,80,1777,51,143,75,107,40,36,22,82,29,Low,0,0
DRAGON,7303231,671909000,Cargo,Livestock Carrier,89,3013,50,44,213,31,77,0,30,149,9,Low,0,0
HARMONY LIVESTOCK,7349871,677054000,Cargo,Livestock Carrier,78,2062,50,203,99,61,2,0,30,80,43,Low,0,0
BRITTA K,7368815,671324100,Cargo,Livestock Carrier,74,1598,49,187,61,116,1,0,35,42,40,Low,0,0
TULEEN,7396630,511100448,Cargo,Livestock Carrier,83,2504,48,176,61,120,8,4,29,50,37,Low,0,0
PRINCESSHIYAM,7405089,671700000,Cargo,Livestock Carrier,80,1995,48,121,106,135,3,0,63,40,27,High,1,0
APUS,7510858,671706000,Cargo,Livestock Carrier,94,4481,47,221,39,85,20,0,28,33,47,High,1,0
DANIA,7607429,677043400,Cargo,Livestock Carrier,83,2673,46,56,91,122,96,0,12,183,10,Low,0,0
HELEN,7614848,630001024,Cargo,Livestock Carrier,80,2403,45,105,120,93,47,42,32,90,22,High,1,0
JERSEY,7639616,671811000,Cargo,Livestock Carrier,86,2924,46,269,38,37,21,11,42,22,61,Low,0,0
TAIBA,7708807,677098300,Cargo,Livestock Carrier,105,4033,45,199,66,100,0,0,40,39,51,High,1,0
PHOENIX III,7711866,374559000,Cargo,Livestock Carrier,96,3095,45,220,99,46,0,0,33,72,47,Low,0,0
NEAMEH,7903029,370264000,Cargo,Livestock Carrier,106,6398,44,62,78,107,118,1,10,188,15,Low,0,0
NORTH STAR 1,8200565,374194000,Cargo,Livestock Carrier,100,7087,40,214,66,47,38,20,33,48,49,High,1,0
SEZER,8200577,356756000,Cargo,Livestock Carrier,100,7069,40,146,151,64,4,0,23,156,35,Low,0,0
KARAZI,8215807,667005239,Cargo,Livestock Carrier,78,2964,40,274,49,39,3,1,38,31,58,Low,0,0
MIRA,8300157,620046000,Cargo,Livestock Carrier,78,2936,40,62,89,211,3,0,17,126,15,Moderate,1,0
BASHAR ONE TRANSPORT,8506361,371417000,Cargo,Livestock Carrier,180,18341,37,192,68,102,3,0,18,91,64,High,1,0
FINOLA M,8616623,351371000,Cargo,Livestock Carrier,85,3228,35,197,68,63,37,12,23,71,50,High,1,0
AL FAROUK,8813037,667001840,Cargo,Livestock Carrier,92,2725,33,143,113,108,1,0,30,90,33,High,1,0
W M F EXPRESS,9004413,352001111,Cargo,Livestock Carrier,108,7896,32,36,63,36,230,0,5,305,12,Low,0,0
SHORTHORN EXPRESS,9167318,253595000,Cargo,Livestock Carrier,117,6872,25,202,56,107,0,2,32,42,63,High,1,0
BAHIJAH,9360788,538007603,Cargo,Livestock Carrier,136,12892,13,299,53,13,0,0,29,44,100,Low,0,0
ELBRUS,9206671,613670000,Tanker,Crude Oil Tanker,246,63051,22,191,6,135,33,5,3,48,35,Moderate,1,0
SANAR-7,9211999,273615700,Tanker,Crude Oil Tanker,249,62569,23,12,15,175,163,0,1,370,0.6,Low,0,0
NEW LEGEND,9230505,636017774,Tanker,Crude Oil Tanker,274,81270,21,85,12,268,0,0,9,33,18,Low,0,0
ALMA,9235892,636021543,Tanker,Crude Oil Tanker,252,64259,20,205,36,111,13,11,25,33,51,Low,0,0
KRITI DIAMOND,9249075,636018521,Tanker,Crude Oil Tanker,281,84315,19,181,55,127,2,1,10,131,41,Low,0,0
NEVSKIY PROSPECT,9256054,636011640,Tanker,Crude Oil Tanker,250,62586,20,189,26,141,9,0,19,32,54,Low,0,0
LIGOVSKY PROSPECT,9256066,636011641,Tanker,Crude Oil Tanker,250,62586,20,197,29,139,0,0,24,28,58,Low,0,0
TRIDENT HOPE,9271377,357044000,Tanker,Crude Oil Tanker,241,56365,20,177,49,138,1,0,33,34,40,Low,0,0
NEW TRUST,9274812,636020815,Tanker,Crude Oil Tanker,275,82647,19,129,64,165,7,3,18,83,28,Low,0,0
MINERVA LISA,9276597,240235000,Tanker,Crude Oil Tanker,244,58156,19,133,40,153,39,1,20,35,31,Low,0,0
DELTA PIONEER,9288693,240244000,Tanker,Crude Oil Tanker,250,62320,19,174,38,152,1,0,21,0,44,Low,0,0
SEABORN,9288746,215781000,Tanker,Crude Oil Tanker,244,57296,18,210,57,95,3,0,23,57,56,Low,0,0
SEAOATH,9290361,215810000,Tanker,Crude Oil Tanker,244,57162,18,193,47,103,22,0,21,48,50,Low,0,0
LEOPARD I,9293117,636021745,Tanker,Crude Oil Tanker,274,81076,18,231,18,108,8,8,15,27,56,Low,0,0
MINERVA CLARA,9297333,240480000,Tanker,Crude Oil Tanker,244,58156,17,205,48,109,3,0,24,45,52,Low,0,0
BONITA,9297541,538009978,Tanker,Crude Oil Tanker,246,57711,17,229,52,47,37,17,29,42,61,Low,0,0
CANGJIE,9299680,636012381,Tanker,Crude Oil Tanker,244,57248,18,213,30,117,5,1,20,33,52,Low,0,0
NS CONCORD,9299692,636012382,Tanker,Crude Oil Tanker,244,57248,18,239,45,64,17,10,26,34,63,Low,0,0
SEALOYALTY,9302970,229740000,Tanker,Crude Oil Tanker,243,56146,18,149,119,73,24,23,24,113,38,Moderate,1,0
MINERVA DOXA,9304617,240653000,Tanker,Crude Oil Tanker,277,83722,16,211,61,84,9,5,11,130,54,Low,0,0
SEAMASTER IV,9304825,229719000,Tanker,Crude Oil Tanker,243,60208,17,164,51,104,46,3,29,42,39,Moderate,1,0
SEAVOYAGER,9318096,256439000,Tanker,Crude Oil Tanker,274,81339,16,225,35,70,35,0,12,55,56,Low,0,0
NORDBAY,9319870,255806172,Tanker,Crude Oil Tanker,249,62241,16,185,61,119,0,0,108,13,50,Low,0,0
AGNETA PALLAS 2,9321689,636022383,Tanker,Crude Oil Tanker,245,61653,16,199,77,76,13,1,32,56,52,Low,0,0
EMILY S,9321847,352001452,Tanker,Crude Oil Tanker,244,59158,17,207,28,121,9,5,19,33,48,Low,0,0
SAMRAAALKHALEEJ,9331141,642122021,Tanker,Crude Oil Tanker,249,61348,17,236,25,89,15,2,13,43,52,Low,0,0
MARS SUN,9332781,636016505,Tanker,Crude Oil Tanker,244,59158,17,190,92,83,0,0,33,65,49,Low,0,0
DUGI OTOK,9334727,238250000,Tanker,Crude Oil Tanker,247,59315,15,190,45,120,10,7,27,39,48,Low,0,0
AEGEAN HARMONY,9338917,240633000,Tanker,Crude Oil Tanker,249,61473,16,242,60,60,3,1,16,77,54,Low,0,0
AEGEAN NOBILITY,9345441,240657000,Tanker,Crude Oil Tanker,249,61473,16,142,47,159,17,5,21,48,28,Low,0,0
NEW AMORGOS,9370836,371458000,Tanker,Crude Oil Tanker,244,60195,15,133,40,153,39,1,20,35,31,Low,0,0
MONTEREY,9377779,636021731,Tanker,Crude Oil Tanker,244,58418,16,203,48,86,28,0,30,38,50,Low,0,0
SOUSTA,9384992,538009869,Tanker,Crude Oil Tanker,240,57462,16,176,50,139,0,0,20,58,42,Low,0,0
ACE,9389679,538003233,Tanker,Crude Oil Tanker,250,62775,15,123,67,167,8,1,28,57,32,Low,0,0
SELIGER,9402263,636019167,Tanker,Crude Oil Tanker,244,59258,14,193,47,103,22,0,21,48,50,Low,0,0
SEAMUSIC,9407445,249746000,Tanker,Crude Oil Tanker,250,62775,14,223,44,97,1,0,26,35,56,Low,0,0
MATILDA,9407457,249747000,Tanker,Crude Oil Tanker,250,62775,14,221,54,85,5,0,24,42,57,Low,0,0
CE-BERMUDA,9411226,538008331,Tanker,Crude Oil Tanker,274,81384,14,200,28,112,25,11,16,38,51,Low,0,0
ALATAU,9416551,538004518,Tanker,Crude Oil Tanker,250,61248,14,156,43,164,2,0,20,30,37,Low,0,0
VALFOGLIA,9417309,215068000,Tanker,Crude Oil Tanker,243,60185,14,194,55,102,14,11,57,21,50,Low,0,0
VALLESINA,9417311,215065000,Tanker,Crude Oil Tanker,243,60185,14,212,53,86,14,11,44,27,55,Low,0,0
AMAX ARROW,9419448,538006202,Tanker,Crude Oil Tanker,250,61341,14,140,71,145,9,3,36,46,33,Low,0,0
AMAX AVENUE,9419450,538006203,Tanker,Crude Oil Tanker,249,61341,13,227,56,82,0,0,32,41,58,Low,0,0
SILVER,9420617,248821000,Tanker,Crude Oil Tanker,244,60379,13,169,38,153,5,5,38,24,45,Low,0,0
SEA VALIANT,9420629,538009850,Tanker,Crude Oil Tanker,244,60379,13,193,42,122,8,7,29,32,53,Low,0,0
IRIDESCENT,9436018,636017796,Tanker,Crude Oil Tanker,250,62775,14,219,34,110,2,0,16,38,60,Low,0,0
CRUDE CENTURION,9436020,538003868,Tanker,Crude Oil Tanker,250,62775,13,127,60,176,2,1,31,44,61,Low,0,0
ALTAI,9446427,538004508,Tanker,Crude Oil Tanker,249,61248,12,146,48,165,6,3,20,37,36,Low,0,0
DECATHLON,9462926,538004487,Tanker,Crude Oil Tanker,274,81493,11,207,131,27,0,2,19,103,58,Low,0,0
SEALEO,9473066,256721000,Tanker,Crude Oil Tanker,244,60205,11,161,57,111,36,0,34,40,41,Low,0,0
MOUNT FUJI,9509011,636014252,Tanker,Crude Oil Tanker,274,85362,13,178,23,160,4,2,8,55,44,Low,0,0
FJORD SEAL,9513139,352001925,Tanker,Crude Oil Tanker,274,83850,12,181,24,105,55,48,8,66,38,High,1,0
SAGA,9528031,248964000,Tanker,Crude Oil Tanker,249,61332,12,214,34,106,11,7,17,42,55,Low,0,0
VILAMOURA,9529293,538010255,Tanker,Crude Oil Tanker,274,81380,12,228,23,110,4,5,9,31,53,Low,0,0
PETALIDI,9529475,636021735,Tanker,Crude Oil Tanker,274,81380,11,227,62,74,2,2,17,80,59,Low,0,0
LIPARI,9529487,636021781,Tanker,Crude Oil Tanker,274,81380,11,169,51,106,39,11,28,42,2,Low,0,0
BORDEIRA,9529499,229336000,Tanker,Crude Oil Tanker,274,81380,10,171,26,163,5,3,13,46,44,Low,0,0
KIMOLOS WARRIOR,9530917,241243000,Tanker,Crude Oil Tanker,274,81833,10,229,36,91,9,0,13,40,62,Moderate,1,0
PSERIMOS,9578658,538008328,Tanker,Crude Oil Tanker,274,81509,12,194,47,109,15,12,20,51,48,Low,0,0
MINERVA KYTHNOS,9592252,241132000,Tanker,Crude Oil Tanker,249,61242,12,215,30,116,4,3,23,29,55,Low,0,0
NISSOS SERIFOS,9592264,538010371,Tanker,Crude Oil Tanker,249,61242,11,183,60,101,21,2,24,57,47,Low,0,0
INDIGO SUN,9592288,636018113,Tanker,Crude Oil Tanker,249,61320,11,179,76,98,12,11,27,68,43,Low,0,0
POLIEGOS,9746621,538007797,Tanker,Crude Oil Tanker,274,81542,6,218,26,96,25,0,13,45,62,Low,0,0
BALLA,9749556,636021796,Tanker,Crude Oil Tanker,250,62350,6,173,46,126,20,0,17,65,42,Low,0,0
RS AURORA,9765378,538006650,Tanker,Crude Oil Tanker,274,82361,6,248,48,69,0,0,19,52,66,Low,0,0
MATALA,9776743,249862000,Tanker,Crude Oil Tanker,279,82648,6,252,36,65,12,0,17,50,63,Low,0,0
RYMAN,9777931,636021729,Tanker,Crude Oil Tanker,250,61000,6,194,84,87,0,1,24,82,48,Low,0,0
ADVANTAGE ANGEL,9779953,538009821,Tanker,Crude Oil Tanker,256,62000,6,188,59,115,3,0,33,39,51,Low,0,0
FLAVIN,9787912,538009975,Tanker,Crude Oil Tanker,250,60000,6,186,44,76,59,13,26,40,44,Low,0,0
SEAVISION,9790971,248547000,Tanker,Crude Oil Tanker,274,84500,6,228,32,76,29,2,11,58,60,Low,0,0
PROMETHEUS ENERGY,9801988,538008157,Tanker,Crude Oil Tanker,250,63500,5,199,33,112,21,13,17,38,45,Low,0,0
IONIC ANAX,9802152,538007411,Tanker,Crude Oil Tanker,250,62000,6,232,44,77,12,0,22,39,61,Low,0,0
NEW VISION,9804459,538007374,Tanker,Crude Oil Tanker,276,82077,6,185,38,137,5,3,19,40,45,Low,0,0
GREEN AURA,9808168,636018799,Tanker,Crude Oil Tanker,250,63000,5,197,60,75,33,3,27,47,55,Low,0,0
ENERGY TRIUMPH,9817614,232012788,Tanker,Crude Oil Tanker,277,84500,5,249,38,76,2,1,17,49,67,Low,0,0
ELANDRA OSPREY,9817626,636019117,Tanker,Crude Oil Tanker,277,84500,5,160,95,108,2,0,22,103,45,Low,0,0
SEAVELVET,9843211,215514000,Tanker,Crude Oil Tanker,237,60435,3,196,43,110,16,14,22,43,47,Low,0,0
GLORIA MARIS,9899997,636020739,Tanker,Crude Oil Tanker,274,82891,2,212,29,93,31,20,14,33,61,Low,0,0
BOREAS LPG,8521488,620222000,Tanker,LPG Tanker,93,1621,38,62,89,183,31,0,19,94,8,Low,0,0
EFTYXIA GAS,8813116,636017734,Tanker,LPG Tanker,158,11822,32,90,76,186,13,6,30,60,23,Low,0,0
STAR PRIME,9031973,620122000,Tanker,LPG Tanker,101,3096,30,64,82,196,23,2,24,77,12,Low,0,0
PREMIER,9040170,620635000,Tanker,LPG Tanker,99,3733,30,86,120,129,30,3,50,57,24,Low,0,0
SUMMER,9040883,577487000,Tanker,LPG Tanker,113,4822,30,101,101,139,24,4,45,52,25,Low,0,0
MONET,9128685,620999014,Tanker,LPG Tanker,96,2926,28,53,215,44,53,53,23,224,11,Moderate,1,0
GAS SHADOW,9129392,630001008,Tanker,LPG Tanker,97,4054,27,88,34,228,15,13,27,30,20,High,1,0
N ORHAN,9130456,511100855,Tanker,LPG Tanker,115,4924,27,94,33,237,1,3,39,21,16,High,1,0
SEAGAS MAJOR,9135793,636016188,Tanker,LPG Tanker,99,4201,24,144,70,137,14,1,33,51,33,Low,0,0
GAS MILANO,9151149,538007565,Tanker,LPG Tanker,99,4402,26,117,19,185,44,15,10,45,26,Low,0,0
SANMAR REGENT,9173068,419001709,Tanker,LPG Tanker,146,10692,24,167,63,133,2,0,31,49,55,Low,0,0
SIGMAGAS,9183568,304413000,Tanker,LPG Tanker,119,6051,25,154,84,127,0,0,36,56,42,Low,0,0
KUZGUNCUK,9235842,271000882,Tanker,LPG Tanker,100,5255,22,136,143,81,5,0,102,34,38,Low,0,0
GAZ REDSEA,9264192,353130000,Tanker,LPG Tanker,120,6694,21,171,81,109,4,0,40,48,43,Low,0,0
GAZ FIDELITY,9267974,352525000,Tanker,LPG Tanker,120,6502,21,167,83,111,4,2,47,42,38,Low,0,0
GASCHEM SHINANO,9269271,211307550,Tanker,LPG Tanker,115,5945,16,182,95,81,7,0,44,52,47,Low,0,0
PASCO ODIN,9292101,352001678,Tanker,LPG Tanker,180,25994,18,222,31,111,1,0,30,25,69,Low,0,0
BELGRAVIA,9341897,565242000,Tanker,LPG Tanker,120,7218,17,158,25,140,42,25,13,46,24,Low,0,0
GAS FLAWLESS,9354222,538003870,Tanker,LPG Tanker,99,4779,16,210,66,76,13,1,62,25,55,Low,0,0
CLIPPER MARS,9377078,258667000,Tanker,LPG Tanker,205,36459,15,223,43,93,6,3,26,40,69,Low,0,0
GASCHEM RHONE,9401570,255802670,Tanker,LPG Tanker,115,5970,15,177,102,78,8,2,56,44,52,Low,0,0
MARYCAM SWAN,9409168,351180000,Tanker,LPG Tanker,154,16808,14,233,77,53,2,2,66,28,70,Low,0,0
GAS GROUPER,9445954,538003910,Tanker,LPG Tanker,174,22978,14,183,43,139,0,0,28,37,52,Low,0,0
OCEANIC MOON,9447809,352002125,Tanker,LPG Tanker,174,22978,13,182,54,129,0,0,36,36,52,Low,0,0
OCEANIC BREEZE,9451991,352002124,Tanker,LPG Tanker,174,22978,12,180,40,145,0,0,22,32,40,Moderate,1,0
GAZ VENTURE,9506162,356141000,Tanker,LPG Tanker,120,9142,12,134,95,131,5,1,50,46,37,Low,0,0
GAS CERBERUS,9507740,636015106,Tanker,LPG Tanker,100,4312,12,194,30,139,2,1,22,33,48,Low,0,0
GAZ UNITED,9511650,356522000,Tanker,LPG Tanker,120,9142,12,119,107,115,24,1,50,51,31,Low,0,0
GAS HONOUR,9522257,351727000,Tanker,LPG Tanker,120,9160,13,128,123,108,6,1,61,47,33,Low,0,0
HAPPY KESTREL,9543043,219221000,Tanker,LPG Tanker,143,12819,10,163,56,146,0,0,36,38,46,Low,0,0
HAPPY OSPREY,9553646,219212000,Tanker,LPG Tanker,143,12819,10,216,77,69,3,0,24,77,58,Low,0,0
JS JAGUAR,9578024,566679000,Tanker,LPG Tanker,100,5036,11,184,61,82,38,5,61,24,48,Low,0,0
EPIC BEATA,9580182,215835000,Tanker,LPG Tanker,119,5844,12,178,93,83,11,0,49,46,52,Low,0,0
GAZ DYNAMIC,9612844,538004420,Tanker,LPG Tanker,117,5296,12,163,87,113,2,3,53,39,40,Low,0,0
HAPPY PELICAN,9618850,235094449,Tanker,LPG Tanker,113,8009,11,140,93,132,0,0,56,40,37,Low,0,0
KINGSTON,9652741,566722000,Tanker,LPG Tanker,120,7891,11,144,75,138,8,3,43,41,36,Low,0,0
HAPPY AVOCET,9694373,219830000,Tanker,LPG Tanker,146,13549,6,202,65,98,0,0,26,60,58,Low,0,0
GREMIO,9699256,373028000,Tanker,LPG Tanker,119,5859,9,99,131,98,37,16,68,45,30,Low,0,0
PAROS,9711511,241388000,Tanker,LPG Tanker,147,13794,8,91,37,195,42,37,18,46,26,Low,0,0
ECO CZAR,9719513,538006399,Tanker,LPG Tanker,100,4748,8,136,105,115,9,1,75,34,34,Low,0,0
CLIPPER VENUS,9731042,257665000,Tanker,LPG Tanker,199,37366,8,242,44,75,4,2,28,38,77,Low,0,0
EPIC BORINQUEN,9743241,565507000,Tanker,LPG Tanker,113,6220,7,128,50,186,1,1,33,35,35,Low,0,0
SANTOS,9774898,351221000,Tanker,LPG Tanker,119,5849,7,148,121,85,11,1,57,50,39,Low,0,0
ANTIKITHIRA,9788980,636020291,Tanker,LPG Tanker,147,25000,6,149,39,177,0,0,23,41,43,Low,0,0
NAVIGATOR JORF,9796339,636017997,Tanker,LPG Tanker,180,25100,6,259,50,52,4,0,31,38,70,Low,0,0
ARAL,8125454,248693000,Tanker,Oil or Chemicals Tanker,114,5285,41,186,76,49,54,42,32,57,48,Low,0,0
WINE TRADER,8808707,351482000,Tanker,Oil or Chemicals Tanker,118,4297,34,209,92,63,1,1,48,46,56,Low,0,0
ORIS SOFI,8920282,374851000,Tanker,Oil or Chemicals Tanker,102,3998,32,208,73,81,3,0,35,49,52,Low,0,0
EVRENYE,8920579,271045975,Tanker,Oil or Chemicals Tanker,96,3204,30,122,126,110,7,3,90,34,32,Low,0,0
VITIS,9000613,352099000,Tanker,Oil or Chemicals Tanker,118,4297,32,121,165,74,5,1,37,107,31,Low,0,0
MARMARA,9010230,256614000,Tanker,Oil or Chemicals Tanker,97,3335,27,109,141,102,13,0,78,44,28,Low,0,0
TIINA TOO,9031492,353161000,Tanker,Oil or Chemicals Tanker,112,4989,31,26,4,9,326,0,3,31,5,Moderate,1,0
KAPIDAG,9034731,271047132,Tanker,Oil or Chemicals Tanker,114,5499,30,177,118,64,6,1,64,44,38,Low,0,0
AYSENAZ,9034743,271044017,Tanker,Oil or Chemicals Tanker,114,5401,30,96,138,73,58,1,72,45,23,Low,0,0
AHMET TELLI,9035292,271044013,Tanker,Oil or Chemicals Tanker,115,4065,29,53,101,204,7,0,54,45,13,Low,0,0
VEYSEL VARDAL,9079303,352001336,Tanker,Oil or Chemicals Tanker,84,2108,29,152,68,115,30,5,28,58,30,Low,0,0
ALATEPE,9104873,271044357,Tanker,Oil or Chemicals Tanker,116,4450,28,159,74,98,34,1,61,29,36,Low,0,0
ILGAZ,9112882,271048807,Tanker,Oil or Chemicals Tanker,100,3419,27,118,136,101,10,3,108,30,32,Low,0,0
MT BANDIRMA,9120243,271049294,Tanker,Oil or Chemicals Tanker,121,6085,27,116,145,59,45,1,65,54,26,Low,0,0
AYSE TELLI,9122112,271046920,Tanker,Oil or Chemicals Tanker,100,4128,27,128,131,94,12,2,85,36,30,Low,0,0
GUNECE,9140841,271046350,Tanker,Oil or Chemicals Tanker,107,4425,25,101,144,120,0,0,91,38,25,Low,0,0
MERA,9148570,636021892,Tanker,Oil or Chemicals Tanker,117,4896,25,192,84,86,3,0,48,42,50,Moderate,1,0
INEBOLU,9164720,249732000,Tanker,Oil or Chemicals Tanker,104,4667,24,159,118,74,14,0,73,39,40,Low,0,0
HICRI KAAN,9171474,374989000,Tanker,Oil or Chemicals Tanker,120,7274,25,24,9,6,326,0,6,35,6,Low,0,0
ORIS MARINE,9179488,636021826,Tanker,Oil or Chemicals Tanker,87,2346,25,116,82,135,32,16,37,52,30,Low,0,0
MAZU,9190195,636022080,Tanker,Oil or Chemicals Tanker,103,3653,24,147,118,96,4,0,118,24,33,Low,0,0
DARMIK,9201774,271047982,Tanker,Oil or Chemicals Tanker,119,5006,23,193,99,71,2,0,81,29,47,Low,0,0
HIRA V,9217333,215490000,Tanker,Oil or Chemicals Tanker,114,4336,22,149,63,123,30,1,37,41,35,Low,0,0
FALESIA,9217890,247013600,Tanker,Oil or Chemicals Tanker,100,3616,22,174,133,58,0,0,107,30,50,Low,0,0
SELIN D,9221786,215872000,Tanker,Oil or Chemicals Tanker,114,4430,20,125,128,111,1,0,73,42,34,Low,0,0
TOMRIS E,9228588,271048139,Tanker,Oil or Chemicals Tanker,92,2654,22,132,64,159,10,0,47,33,28,Low,0,0
SANA,9228590,470404000,Tanker,Oil or Chemicals Tanker,92,2659,21,29,66,260,10,3,19,83,6,Low,0,0
BRAVE,9242730,314658000,Tanker,Oil or Chemicals Tanker,114,4401,21,93,75,195,2,0,49,37,23,High,1,0
ORIS DI,9245299,352001864,Tanker,Oil or Chemicals Tanker,110,2982,21,104,160,101,0,0,103,37,24,Low,0,0
ALESSANDRO F,9245378,247046400,Tanker,Oil or Chemicals Tanker,100,3616,22,144,121,91,9,3,86,33,41,Low,0,0
COSMO,9251755,247079700,Tanker,Oil or Chemicals Tanker,100,4412,20,202,106,39,18,0,59,43,52,Low,0,0
SCOT BAYERN,9255828,249084000,Tanker,Oil or Chemicals Tanker,117,5145,20,191,130,37,7,0,49,63,53,Low,0,0
ZEUGMAN,9259111,215382000,Tanker,Oil or Chemicals Tanker,109,3547,20,236,89,37,3,2,86,25,56,Low,0,0
PEARL-T,9264166,229895000,Tanker,Oil or Chemicals Tanker,100,2919,20,129,71,147,18,2,38,44,27,Low,0,0
VARUNA,9269934,538010137,Tanker,Oil or Chemicals Tanker,107,3981,19,98,119,136,12,1,67,35,19,Low,0,0
GUDENA,9280196,374558000,Tanker,Oil or Chemicals Tanker,96,2798,19,117,81,144,23,4,37,53,22,Low,0,0
TATLISU,9282364,538006581,Tanker,Oil or Chemicals Tanker,112,5384,20,199,95,40,31,3,62,36,49,Low,0,0
BARBAROS HAYRETTIN V,9282675,352002015,Tanker,Oil or Chemicals Tanker,105,3997,20,102,159,95,9,0,69,34,25,High,1,0
LIVATYA,9291444,356789000,Tanker,Oil or Chemicals Tanker,112,5359,19,141,111,83,30,2,53,50,38,Low,0,0
YM VENUS,9291585,215826000,Tanker,Oil or Chemicals Tanker,106,3906,18,199,103,62,1,1,65,38,52,Low,0,0
BARBAROS ULUC VARDAL,9291602,352001852,Tanker,Oil or Chemicals Tanker,106,4077,19,106,92,94,73,0,62,36,24,Moderate,1,0
YUSUF UZUN,9297149,511100850,Tanker,Oil or Chemicals Tanker,93,2579,18,45,123,113,84,0,24,123,10,High,1,0
NIVAR,9297163,352001898,Tanker,Oil or Chemicals Tanker,97,2815,19,66,241,36,22,0,120,48,16,Low,0,0
DENSA DEFNE,9297204,229922000,Tanker,Oil or Chemicals Tanker,119,4745,19,168,106,90,1,0,50,50,44,Low,0,0
COVADONGA,9300489,255803540,Tanker,Oil or Chemicals Tanker,119,4816,18,229,102,29,5,0,28,87,68,Low,0,0
ATLANTIS ANTALYA,9305350,248252000,Tanker,Oil or Chemicals Tanker,88,2314,19,147,127,85,6,3,93,33,35,Low,0,0
ADIYAMAN,9305453,271050683,Tanker,Oil or Chemicals Tanker,96,2890,18,160,92,90,23,3,68,32,35,Low,0,0
SEAVEN PRIDE,9310393,241799000,Tanker,Oil or Chemicals Tanker,105,4077,18,195,103,67,0,0,103,244,31,Low,0,0
FOYLE,9317676,215584000,Tanker,Oil or Chemicals Tanker,100,3171,18,168,100,85,12,2,93,26,41,Low,0,0
YM EARTH,9322633,215937000,Tanker,Oil or Chemicals Tanker,106,4022,18,208,82,62,13,0,70,28,52,Low,0,0
ELIANA,9327310,215630000,Tanker,Oil or Chemicals Tanker,106,3934,17,122,122,112,9,0,39,75,23,Low,0,0
LARA S,9334301,249689000,Tanker,Oil or Chemicals Tanker,109,3981,16,120,129,112,4,1,39,80,26,Low,0,0
CARIBE MARIA,9337286,636017331,Tanker,Oil or Chemicals Tanker,116,7687,16,156,144,61,4,0,62,55,42,Low,0,0
PLEVNE,9340908,215994000,Tanker,Oil or Chemicals Tanker,116,7687,16,78,97,89,101,3,23,101,20,Low,0,0
USICHEM,9344344,215993000,Tanker,Oil or Chemicals Tanker,119,4798,18,169,91,104,1,0,46,48,47,Low,0,0
ST SARA,9356646,256177000,Tanker,Oil or Chemicals Tanker,121,5271,16,103,97,126,39,0,42,55,23,Low,0,0
SCOT FLENSBURG,9365269,538009892,Tanker,Oil or Chemicals Tanker,117,5200,15,175,92,45,53,15,43,51,57,Low,0,0
BOMAR CERES,9367231,256815000,Tanker,Oil or Chemicals Tanker,107,3997,16,208,94,62,1,1,69,33,46,High,1,0
BOYNE,9369928,256247000,Tanker,Oil or Chemicals Tanker,106,3974,16,139,137,88,1,0,68,48,33,Low,0,0
BOMAR VENUS,9374014,215135000,Tanker,Oil or Chemicals Tanker,107,3988,17,147,161,54,3,0,40,97,35,Low,0,0
BOMAR MARS,9377030,256784000,Tanker,Oil or Chemicals Tanker,107,3999,16,206,94,65,0,0,75,30,49,Low,0,0
JABRAYIL DOVLATZADEH,9383613,636021705,Tanker,Oil or Chemicals Tanker,93,2603,15,196,97,71,1,0,68,34,45,Low,0,0
BOMAR SEDNA,9383651,256996000,Tanker,Oil or Chemicals Tanker,101,5713,15,142,79,134,10,8,58,29,34,Low,0,0
DERG,9393060,249293000,Tanker,Oil or Chemicals Tanker,117,6764,15,146,101,98,20,3,56,41,33,Low,0,0
ALSIA SWAN,9400356,248359000,Tanker,Oil or Chemicals Tanker,106,4001,14,169,111,84,1,1,51,52,42,Low,0,0
ANHOUT SWAN,9401300,219473000,Tanker,Oil or Chemicals Tanker,120,4752,14,174,138,47,6,0,53,62,46,Low,0,0
M/T ZUGA,9405784,229171000,Tanker,Oil or Chemicals Tanker,100,5031,15,179,87,99,0,1,66,31,41,Low,0,0
SEAVEN VOYAGER,9405796,241575000,Tanker,Oil or Chemicals Tanker,100,5031,15,184,97,81,3,2,80,29,37,Low,0,0
FILYOZ,9407213,215090000,Tanker,Oil or Chemicals Tanker,105,4034,13,188,97,78,2,0,78,30,39,Low,0,0
HITRA,9413652,249421000,Tanker,Oil or Chemicals Tanker,108,3997,14,187,106,71,1,0,107,24,48,Low,0,0
MRC SEMIRAMIS,9418793,249028000,Tanker,Oil or Chemicals Tanker,107,3999,15,145,99,118,3,1,47,51,34,Low,0,0
ADA,9420693,538003122,Tanker,Oil or Chemicals Tanker,106,4021,15,146,90,108,21,9,60,36,39,Low,0,0
GLOBAL LAKE,9427469,271049800,Tanker,Oil or Chemicals Tanker,112,4030,6,177,101,72,15,3,79,31,39,Low,0,0
GOGLAND,9430210,511100842,Tanker,Oil or Chemicals Tanker,92,3470,12,83,132,115,35,1,22,144,16,Low,0,0
EMEK S,9433561,249475000,Tanker,Oil or Chemicals Tanker,120,4816,15,191,94,72,8,0,57,40,48,Low,0,0
LEON,9435844,249733000,Tanker,Oil or Chemicals Tanker,95,2997,16,105,107,119,34,4,85,30,15,Low,0,0
GURONI,9438248,248475000,Tanker,Oil or Chemicals Tanker,118,6190,13,218,71,68,8,7,41,42,51,Moderate,1,0
MRC EMIRHAN,9444936,249567000,Tanker,Oil or Chemicals Tanker,107,3999,15,176,82,97,10,0,58,34,44,Low,0,0
FT NERVI,9447299,215481000,Tanker,Oil or Chemicals Tanker,120,5110,14,141,114,110,0,0,49,56,33,Low,0,0
PORTOLA,9449443,538003828,Tanker,Oil or Chemicals Tanker,120,8278,13,177,96,92,0,0,63,36,43,Low,0,0
DELTA SEA,9452268,215013000,Tanker,Oil or Chemicals Tanker,100,5031,13,161,90,114,0,0,89,24,36,Low,0,0
YM URANUS,9452763,249462000,Tanker,Oil or Chemicals Tanker,120,4829,15,215,96,52,2,0,68,34,55,Low,0,0
YM MERCURY,9452775,248507000,Tanker,Oil or Chemicals Tanker,109,4242,13,170,105,80,10,0,76,33,44,Low,0,0
YM NEPTUNE,9464106,249813000,Tanker,Oil or Chemicals Tanker,120,4829,14,198,113,52,2,0,64,42,49,Low,0,0
YM PLUTO,9464118,249957000,Tanker,Oil or Chemicals Tanker,120,4829,14,212,97,56,0,0,71,33,51,Low,0,0
SEAVEN HOPE,9466946,241750000,Tanker,Oil or Chemicals Tanker,106,3576,13,147,121,92,5,5,168,17,32,Low,0,0
CIMIL,9487378,215909000,Tanker,Oil or Chemicals Tanker,100,3308,13,170,98,95,2,2,87,27,37,Low,0,0
MT ALAND,9487380,249581000,Tanker,Oil or Chemicals Tanker,100,3308,10,178,97,86,4,0,77,30,34,Low,0,0
CANSU Y,9502673,538010346,Tanker,Oil or Chemicals Tanker,93,2607,14,183,101,81,0,0,50,49,37,Low,0,0
ATLANTIS ANDAMAN,9508079,249701000,Tanker,Oil or Chemicals Tanker,109,4263,14,154,83,123,5,4,56,36,38,Low,0,0
ATLANTIS ALMERIA,9508093,248483000,Tanker,Oil or Chemicals Tanker,109,4263,13,116,88,153,8,2,48,44,30,Low,0,0
MONJASA SHAKER,9510591,636020734,Tanker,Oil or Chemicals Tanker,118,6153,14,141,89,86,49,44,63,34,32,Low,0,0
ATA OCEAN,9519614,229795000,Tanker,Oil or Chemicals Tanker,119,4765,13,154,115,94,2,0,96,29,37,Moderate,1,0
UMAR 1,9521411,248751000,Tanker,Oil or Chemicals Tanker,97,3280,13,149,99,108,9,1,71,33,35,Low,0,0
GAZELA,9525572,212878000,Tanker,Oil or Chemicals Tanker,109,4242,13,188,123,52,2,2,57,52,42,Low,0,0
MRC HATICE ANA,9536935,215345000,Tanker,Oil or Chemicals Tanker,107,3999,13,142,86,122,15,13,54,38,33,Low,0,0
ATHLOS,9539858,248011000,Tanker,Oil or Chemicals Tanker,110,4908,13,176,101,87,1,0,80,30,43,Low,0,0
EMIN REIS,9547570,271040601,Tanker,Oil or Chemicals Tanker,100,4165,13,207,95,59,4,0,72,32,48,Low,0,0
YM MARS,9551806,215234000,Tanker,Oil or Chemicals Tanker,109,4242,12,170,105,87,3,0,58,44,44,Low,0,0
FRONA,9585481,374020000,Tanker,Oil or Chemicals Tanker,118,6200,6,157,90,93,25,12,48,45,37,Low,0,0
MILLENNIAL SPIRIT,7392610,214182773,Tanker,Oil Products Tanker,77,1665,49,24,0,62,279,0,0,0,2,Low,0,0
ASTERDEA,7421863,677044500,Tanker,Oil Products Tanker,81,1794,47,32,80,240,13,10,4,480,3,High,1,0
BRENTIX,7922221,677077500,Tanker,Oil Products Tanker,80,1975,43,14,73,8,270,3,4,435,3,Low,0,0
AVALON M,8013120,613116900,Tanker,Oil Products Tanker,81,1941,42,72,11,251,31,2,9,31,11,Moderate,1,0
UNICOM 3,8317447,264900073,Tanker,Oil Products Tanker,70,999,39,1,353,0,11,0,9,659,0.5,Low,0,0
NERMIN TELLI,8317992,271002456,Tanker,Oil Products Tanker,92,2699,39,136,120,98,11,0,80,25,30,Low,0,0
DESNA,8331510,272972000,Tanker,Oil Products Tanker,78,1902,38,25,93,8,239,0,3,741,0.1,Low,0,0
BARAKAALE-1,8508747,677062000,Tanker,Oil Products Tanker,89,1477,39,133,39,48,145,24,19,49,17,Low,0,0
NAVIGER-5,8727939,273345600,Tanker,Oil Products Tanker,138,4401,39,122,42,179,22,3,17,60,11,Low,0,0
KAPITAN PERMYAKOV,8727953,273343600,Tanker,Oil Products Tanker,138,4402,36,120,27,175,43,9,17,38,16,Low,0,0
NAVIGER-1,8867143,273342100,Tanker,Oil Products Tanker,133,4059,53,136,39,102,88,13,20,47,22,Low,0,0
TONY,8884476,630001012,Tanker,Oil Products Tanker,123,2863,38,31,43,114,177,40,3,343,3,High,1,0
ANNA,9118159,620992000,Tanker,Oil Products Tanker,91,3368,26,110,24,161,70,69,29,20,16,Moderate,1,0
LESLEY CT,9153422,312056000,Tanker,Oil Products Tanker,102,3630,25,57,94,211,3,1,18,124,8,Low,0,0
LEOPOLD,9173032,636021933,Tanker,Oil Products Tanker,105,5281,25,101,154,110,0,0,81,45,24,Low,0,0
CHEETAH-II,9222560,355804000,Tanker,Oil Products Tanker,182,28534,23,91,94,118,62,48,8,37,15,Low,0,0
ELLES PRIDE,9251664,620913000,Tanker,Oil Products Tanker,178,21353,21,71,33,148,113,54,16,50,16,High,1,0
VS REMLIN,9252307,232026709,Tanker,Oil Products Tanker,171,22184,20,188,58,116,3,0,28,47,45,Low,0,0
BENTLEY I,9253129,373259000,Tanker,Oil Products Tanker,176,25382,19,144,74,121,26,0,38,47,37,Low,0,0
SEA MARINE 1,9255830,574322000,Tanker,Oil Products Tanker,180,25561,20,101,95,132,37,0,15,152,17,Low,0,0
NOSTOS,9258014,636019667,Tanker,Oil Products Tanker,182,28529,20,181,25,157,2,2,15,40,37,Low,0,0
SOYIA,9263916,636022477,Tanker,Oil Products Tanker,182,28517,19,203,85,65,12,0,31,66,54,High,1,0
ANDROPOV,9269348,273450240,Tanker,Oil Products Tanker,126,3584,19,38,41,185,101,48,15,66,5,Low,0,0
KAPITAN BARMIN,9269350,273423570,Tanker,Oil Products Tanker,135,4535,21,133,31,171,30,2,18,41,17,Low,0,0
NIZHNIY NOVGOROD,9278959,273442410,Tanker,Oil Products Tanker,141,4378,21,131,20,104,110,30,11,43,18,Low,0,0
BYRON,9290828,538003816,Tanker,Oil Products Tanker,183,23298,18,168,86,107,4,4,40,51,46,Low,0,0
KRITI EMERALD,9292577,636018123,Tanker,Oil Products Tanker,189,30971,18,234,54,70,7,5,31,42,56,Low,0,0
CHRYSOPIGI,9303728,249971000,Tanker,Oil Products Tanker,183,24048,17,147,48,119,51,47,24,48,36,Moderate,1,0
VS LEIA,9303730,232019341,Tanker,Oil Products Tanker,183,24048,17,160,64,139,2,0,32,48,37,Low,0,0
SLOMAN THETIS,9306653,305496000,Tanker,Oil Products Tanker,171,22184,17,154,69,140,2,0,31,53,39,Low,0,0
BEKS EBRU,9308132,538009661,Tanker,Oil Products Tanker,189,30965,17,127,99,110,29,4,31,76,35,Low,0,0
HELEN M,9308223,370307000,Tanker,Oil Products Tanker,180,28245,18,183,37,134,11,10,29,30,50,Low,0,0
VS LISBETH,9309978,232005015,Tanker,Oil Products Tanker,183,24048,17,179,74,84,28,2,38,45,44,Low,0,0
STAR MERLIN,9325609,255802890,Tanker,Oil Products Tanker,186,31500,16,165,101,94,5,0,18,135,40,Low,0,0
DUMBLEDORE,9325611,311001104,Tanker,Oil Products Tanker,186,31433,16,161,83,114,7,0,30,64,46,Low,0,0
SEABREEZE,9343986,229145000,Tanker,Oil Products Tanker,186,31433,16,175,76,114,0,0,25,73,43,Moderate,1,0
SEAEXPRESS,9344019,229353000,Tanker,Oil Products Tanker,180,28069,16,146,75,76,68,24,31,58,37,Low,0,0
BEKS FENIX,9356751,538009848,Tanker,Oil Products Tanker,189,30965,16,165,73,118,9,1,29,60,40,Low,0,0
MINERVA JOY,9363479,229446000,Tanker,Oil Products Tanker,180,28056,15,183,44,109,29,27,23,46,47,Low,0,0
MINERVA EMILY,9380063,229084000,Tanker,Oil Products Tanker,182,26900,14,188,63,107,7,5,20,76,43,Low,0,0
SEAMUSE,9382700,538006566,Tanker,Oil Products Tanker,180,28799,16,200,87,70,8,0,21,98,57,Low,0,0
KRITI ROCK,9392315,636019277,Tanker,Oil Products Tanker,180,28085,15,172,101,84,8,6,30,81,41,Low,0,0
AGVANIS,9435325,357642000,Tanker,Oil Products Tanker,150,7833,16,154,88,113,10,9,37,57,30,Low,0,0
BLACKSEA EAGLE,9495832,370805000,Tanker,Oil Products Tanker,118,5036,15,82,96,136,51,7,50,46,23,Low,0,0
TITAN,9517070,273344330,Tanker,Oil Products Tanker,141,4378,14,70,22,172,101,7,20,27,15,Low,0,0
FTM 22,9598359,538010213,Tanker,Oil Products Tanker,141,4376,12,115,16,201,33,1,13,30,17,High,1,0
FTM21,9598361,538010208,Tanker,Oil Products Tanker,141,4376,12,130,16,178,41,2,17,23,19,High,1,0
FTM 24,9598373,538010215,Tanker,Oil Products Tanker,141,4376,12,99,22,165,79,2,28,19,17,High,1,0
FTM 23,9598385,538010214,Tanker,Oil Products Tanker,141,4376,12,121,31,182,31,4,20,37,16,High,1,0
SVL PRIDE,9599341,273324070,Tanker,Oil Products Tanker,142,4793,13,136,78,113,38,0,63,30,32,Low,0,0
RN TUAPSE,9599353,273329070,Tanker,Oil Products Tanker,141,4792,12,112,40,202,11,0,35,28,13,Low,0,0
ALEKSANDR SHEMAGIN,9612909,273352260,Tanker,Oil Products Tanker,140,4531,11,77,45,167,76,9,24,45,13,Low,0,0
YULIY MAKARENKOV,9612923,273351260,Tanker,Oil Products Tanker,140,4541,10,96,19,162,88,3,15,31,11,Low,0,0
SERGEY TERSKOV,9637961,273387430,Tanker,Oil Products Tanker,140,4531,7,76,36,196,57,22,19,46,11,Low,0,0
YAKOV GUNIN,9637973,273384070,Tanker,Oil Products Tanker,140,4531,7,76,37,153,99,4,25,35,11,Low,0,0
VF TANKER-1,9640499,273351450,Tanker,Oil Products Tanker,141,5075,11,82,79,188,16,0,26,59,15,Low,0,0
VF TANKER-2,9640504,273352450,Tanker,Oil Products Tanker,141,5075,11,150,43,151,21,2,26,39,26,Low,0,0
VF TANKER-3,9640516,273353450,Tanker,Oil Products Tanker,141,5075,11,139,77,142,7,0,57,27,24,Low,0,0
VF TANKER-4,9640528,273354450,Tanker,Oil Products Tanker,141,5075,11,100,73,124,68,2,35,50,19,Low,0,0
VF TANKER-5,9640530,273355450,Tanker,Oil Products Tanker,141,5075,11,132,59,129,45,3,26,52,22,Low,0,0
VF TANKER-6,9640542,273359560,Tanker,Oil Products Tanker,141,5075,11,102,102,139,22,1,27,86,18,Low,0,0
VF TANKER-7,9640554,273350660,Tanker,Oil Products Tanker,141,5075,11,141,61,128,35,9,30,49,26,Low,0,0
VF TANKER-8,9640566,273358860,Tanker,Oil Products Tanker,141,5075,11,101,60,175,29,0,23,63,18,Low,0,0
VF TANKER-11,9645009,273357860,Tanker,Oil Products Tanker,141,5075,11,122,95,142,6,0,29,79,21,Low,0,0
VF TANKER-12,9645011,273358170,Tanker,Oil Products Tanker,141,5075,11,105,71,165,24,1,26,66,17,Low,0,0
VF TANKER-13,9645023,273359170,Tanker,Oil Products Tanker,141,5075,11,99,67,156,43,1,21,72,16,Low,0,0
VF TANKER-15,9645047,273353180,Tanker,Oil Products Tanker,141,5075,11,136,124,90,15,0,65,46,24,Low,0,0
VF TANKER-18,9645073,273357390,Tanker,Oil Products Tanker,141,5075,10,129,75,147,14,1,33,54,20,Low,0,0
VF TANKER-20,9645097,273358390,Tanker,Oil Products Tanker,141,5075,10,160,106,78,21,3,57,44,28,Low,0,0
VF TANKER-21,9645102,273359390,Tanker,Oil Products Tanker,141,5075,10,107,70,158,30,3,26,65,20,Low,0,0
VF TANKER-22,9645114,273333670,Tanker,Oil Products Tanker,141,5075,10,138,79,114,34,25,31,59,24,Low,0,0
LOYALTY,9655468,273333570,Tanker,Oil Products Tanker,141,5089,10,110,37,121,97,3,31,29,25,Low,0,0
SVL UNITY,9655470,273337080,Tanker,Oil Products Tanker,141,5075,10,141,69,126,29,0,52,32,29,Low,0,0
DMITRY POKROVSKY,9683726,273332580,Tanker,Oil Products Tanker,141,5075,9,60,87,151,67,23,24,87,9,Low,0,0
LADY SEVDA,9683738,273342180,Tanker,Oil Products Tanker,141,5075,9,89,43,169,64,7,16,64,15,High,1,0
LADY LEILA,9683740,273340060,Tanker,Oil Products Tanker,141,5378,9,80,19,178,88,15,11,41,8,High,1,0
NIKOLAY GAMAYUNOV,9766073,273381530,Tanker,Oil Products Tanker,103,4577,7,91,47,202,25,14,29,39,13,Low,0,0
NIKOLAY VELIKIY,9766085,273427090,Tanker,Oil Products Tanker,103,4568,6,128,48,186,3,0,30,37,22,Low,0,0
GANJA,9813565,423457100,Tanker,Oil Products Tanker,140,5075,7,68,63,153,81,0,34,44,13,Low,0,0
LACHIN,9821469,423488100,Tanker,Oil Products Tanker,141,5000,5,120,34,201,10,1,24,34,16,Low,0,0
KALBAJAR,9821471,423501100,Tanker,Oil Products Tanker,141,5000,5,122,98,140,5,0,52,45,24,Low,0,0
PROFESSOR AZIZALIYEV,9823821,423002100,Tanker,Oil Products Tanker,140,5090,6,73,177,101,14,0,23,179,11,Low,0,0
