Vessels Name,IMO,MMSI,Class,Subclass,Length,Gross Tonnage,Age,Sailing,In Port,Waiting,Signal Lost,Dark Activity,Portcalls,Average dur. Portcalls,NM Sailed (k),Risk,Human expertise,NoAnomaly
KUBROSLI_Y,8000836,620797000,Cargo,Bulk Carrier,138.00,7788.00,42.00,67.00,75.00,131.00,92.00,38.00,19.00,95.00,14.00,High,1,0
HAJE ZAINAB,8025381,671573000,Cargo,Bulk Carrier,136.00,6498.00,42.00,66.00,138.00,158.00,3.00,0.00,24.00,138.00,14.00,Moderate,1,0
MOHAMAD Y,8107000,341156000,Cargo,Bulk Carrier,138.00,7788.00,42.00,71.00,94.00,169.00,31.00,9.00,22.00,102.00,15.00,Moderate,1,0
GOLDEN BIRD,8517580,357207000,Cargo,Bulk Carrier,122.00,7170.00,37.00,77.00,163.00,107.00,18.00,10.00,24.00,161.00,17.00,Low,0,0
AMADORE,8520824,249784000,Cargo,Bulk Carrier,143.00,8253.00,36.00,34.00,93.00,22.00,216.00,0.00,8.00,279.00,6.00,Low,0,0
DAYTONA H,8520836,620086000,Cargo,Bulk Carrier,143.00,8254.00,35.00,76.00,76.00,135.00,78.00,72.00,15.00,122.00,14.00,Moderate,1,0
PRINCE EZZ,8613126,620910000,Cargo,Bulk Carrier,122.00,7166.00,35.00,100.00,126.00,106.00,33.00,7.00,19.00,160.00,15.00,Low,0,0
MKK 1,8902929,511100551,Cargo,Bulk Carrier,144.00,9815.00,31.00,113.00,104.00,115.00,33.00,31.00,16.00,155.00,22.00,Low,0,0
BR GLORY,8907577,518558000,Cargo,Bulk Carrier,158.00,13695.00,33.00,115.00,65.00,73.00,112.00,95.00,12.00,101.00,23.00,Low,0,0
OMEGA_STAR,8917742,667001713,Cargo,Bulk Carrier,104.00,3828.00,32.00,223.00,69.00,69.00,4.00,0.00,28.00,59.00,59.00,Low,0,0
BRAVE LEADER,9033505,450559000,Cargo,Bulk Carrier,158.00,13706.00,31.00,103.00,154.00,99.00,9.00,0.00,23.00,161.00,24.00,Low,0,0
PRINCESS MANISSA,9084217,341260000,Cargo,Bulk Carrier,158.00,13725.00,29.00,79.00,114.00,114.00,58.00,54.00,14.00,196.00,21.00,High,1,0
ROYAL O,9084229,511100729,Cargo,Bulk Carrier,158.00,13865.00,29.00,126.00,121.00,71.00,47.00,39.00,22.00,132.00,31.00,High,1,0
ALKADI BEY,9085675,667001738,Cargo,Bulk Carrier,158.00,13865.00,28.00,122.00,81.00,86.00,76.00,71.00,19.00,102.00,30.00,High,1,0
REK KING,9085895,374377000,Cargo,Bulk Carrier,143.00,10490.00,26.00,120.00,164.00,80.00,1.00,0.00,27.00,146.00,27.00,Low,0,0
AYYILDIZ,9085900,373574000,Cargo,Bulk Carrier,143.00,10490.00,27.00,111.00,145.00,56.00,53.00,5.00,38.00,91.00,30.00,Low,0,0
BOMUSTAFA O,9114476,352001900,Cargo,Bulk Carrier,157.00,14599.00,28.00,125.00,74.00,166.00,0.00,0.00,10.00,145.00,33.00,Moderate,1,0
LITA,9117416,636016303,Cargo,Bulk Carrier,148.00,11121.00,28.00,148.00,156.00,58.00,3.00,0.00,20.00,163.00,38.00,Moderate,1,0
NEW ENAS,9118238,620718000,Cargo,Bulk Carrier,143.00,10421.00,27.00,57.00,116.00,106.00,86.00,75.00,21.00,132.00,12.00,Low,0,0
FORTUNA,9118252,314520000,Cargo,Bulk Carrier,143.00,10490.00,26.00,97.00,110.00,129.00,29.00,12.00,23.00,115.00,23.00,High,1,0
BEST HARMONY,9119086,373702000,Cargo,Bulk Carrier,154.00,14704.00,28.00,116.00,103.00,113.00,33.00,14.00,20.00,124.00,23.00,Low,0,0
BEREKET,9123702,374681000,Cargo,Bulk Carrier,154.00,14762.00,26.00,183.00,121.00,50.00,11.00,0.00,29.00,100.00,48.00,Moderate,1,0
KLC ERCIYES,9132480,314687000,Cargo,Bulk Carrier,142.00,10220.00,26.00,45.00,130.00,179.00,11.00,0.00,19.00,164.00,11.00,High,1,0
QUEEN SARA,9132507,667001896,Cargo,Bulk Carrier,142.00,10220.00,25.00,98.00,148.00,112.00,7.00,6.00,51.00,68.00,24.00,Low,0,0
PLUTUS,9132519,511100630,Cargo,Bulk Carrier,142.00,10220.00,25.00,118.00,104.00,120.00,23.00,16.00,13.00,191.00,27.00,High,1,0
MOAYAD Y,9135482,620999048,Cargo,Bulk Carrier,154.00,14754.00,27.00,89.00,53.00,198.00,25.00,25.00,13.00,86.00,14.00,High,1,0
BRAVE COMMANDER,9136931,450555000,Cargo,Bulk Carrier,151.00,14431.00,27.00,92.00,180.00,85.00,8.00,7.00,22.00,186.00,25.00,Low,0,0
PRINCE MOUHAMMAD,9138692,620428000,Cargo,Bulk Carrier,160.00,15888.00,25.00,59.00,75.00,79.00,152.00,139.00,16.00,112.00,17.00,High,1,0
MOHAMAD M,9141235,518998563,Cargo,Bulk Carrier,154.00,14747.00,26.00,179.00,98.00,87.00,1.00,0.00,28.00,84.00,50.00,High,1,0
NECO K,9146053,355969000,Cargo,Bulk Carrier,113.00,6001.00,27.00,46.00,114.00,204.00,1.00,0.00,20.00,136.00,10.00,Low,0,0
COMET,9146106,636016356,Cargo,Bulk Carrier,113.00,5997.00,26.00,54.00,211.00,14.00,86.00,0.00,22.00,230.00,15.00,Low,0,0
LADY PERLA,9149732,636021219,Cargo,Bulk Carrier,158.00,15355.00,26.00,65.00,87.00,210.00,3.00,0.00,19.00,105.00,18.00,Moderate,1,0
AMINEH M,9150743,518100289,Cargo,Bulk Carrier,149.00,13781.00,24.00,104.00,154.00,60.00,47.00,46.00,25.00,148.00,27.00,High,1,0
GOLDEN SHARK,9151383,511100789,Cargo,Bulk Carrier,148.00,11194.00,26.00,82.00,110.00,139.00,34.00,1.00,19.00,140.00,20.00,High,1,0
GANOSAYA,9151400,518100770,Cargo,Bulk Carrier,148.00,11246.00,26.00,63.00,134.00,144.00,24.00,23.00,20.00,161.00,15.00,Low,0,0
SALLY M,9152844,370998000,Cargo,Bulk Carrier,101.00,4569.00,26.00,89.00,92.00,167.00,17.00,8.00,21.00,106.00,14.00,Moderate,1,0
AQUIS PERLA,9161869,352187000,Cargo,Bulk Carrier,113.00,6079.00,26.00,92.00,159.00,112.00,2.00,0.00,50.00,76.00,22.00,Low,0,0
PUFFIN S,9164811,636019618,Cargo,Bulk Carrier,158.00,14118.00,24.00,120.00,135.00,108.00,2.00,0.00,30.00,108.00,29.00,Low,0,0
GOLDEN SEA,9173355,374156000,Cargo,Bulk Carrier,136.00,9973.00,26.00,166.00,127.00,70.00,2.00,3.00,23.00,133.00,39.00,Low,0,0
ANGELOS,9175913,518100232,Cargo,Bulk Carrier,151.00,14446.00,25.00,117.00,176.00,61.00,11.00,0.00,10.00,400.00,32.00,Low,0,0
BSL CALYPSO,9191448,314590000,Cargo,Bulk Carrier,154.00,15137.00,24.00,149.00,73.00,116.00,27.00,25.00,11.00,159.00,32.00,Low,0,0
DEEB BREEZE,9191577,312197000,Cargo,Bulk Carrier,113.00,6079.00,24.00,77.00,140.00,89.00,59.00,34.00,27.00,125.00,20.00,Low,0,0
ADAM JUNIOR,9194464,373092000,Cargo,Bulk Carrier,134.00,8492.00,24.00,47.00,205.00,37.00,76.00,6.00,16.00,309.00,12.00,High,1,0
RIZABEY,9197117,352001807,Cargo,Bulk Carrier,160.00,15609.00,24.00,117.00,95.00,82.00,71.00,0.00,25.00,85.00,28.00,High,1,0
LADY SPERANZA,9200574,630001013,Cargo,Bulk Carrier,141.00,9994.00,23.00,109.00,179.00,59.00,18.00,2.00,30.00,138.00,28.00,Low,0,0
OPTIMA,9210244,305162000,Cargo,Bulk Carrier,108.00,6204.00,23.00,160.00,153.00,47.00,5.00,0.00,34.00,107.00,34.00,Low,0,0
AILEEN,9214252,511234000,Cargo,Bulk Carrier,148.00,11194.00,23.00,81.00,93.00,183.00,8.00,0.00,37.00,60.00,18.00,Low,0,0
EYLEM,9223643,352102000,Cargo,Bulk Carrier,137.00,9978.00,23.00,177.00,110.00,78.00,0.00,0.00,37.00,71.00,45.00,Low,0,0
CECELA S,9227857,371202000,Cargo,Bulk Carrier,148.00,11194.00,23.00,143.00,128.00,84.00,10.00,5.00,36.00,85.00,41.00,Low,0,0
LADY AYSE,9227871,373042000,Cargo,Bulk Carrier,137.00,9978.00,22.00,125.00,125.00,115.00,0.00,0.00,32.00,91.00,33.00,Low,0,0
FANARIA,9228241,356187000,Cargo,Bulk Carrier,149.00,11395.00,23.00,144.00,126.00,92.00,3.00,1.00,21.00,144.00,33.00,Low,0,0
REK NOBLE,9229879,351820000,Cargo,Bulk Carrier,155.00,12578.00,21.00,74.00,36.00,13.00,242.00,0.00,6.00,146.00,7.00,Low,0,0
LADY SEMA,9233624,371043000,Cargo,Bulk Carrier,137.00,9978.00,22.00,159.00,115.00,90.00,1.00,0.00,29.00,94.00,42.00,High,1,0
ADNAN TORLAK,9243253,636019529,Cargo,Bulk Carrier,138.00,11403.00,22.00,174.00,109.00,71.00,11.00,0.00,29.00,90.00,40.00,Moderate,1,0
A LINE,9246920,577498000,Cargo,Bulk Carrier,115.00,7265.00,22.00,100.00,103.00,159.00,3.00,0.00,25.00,99.00,26.00,Moderate,1,0
MOHAC,9251042,636020510,Cargo,Bulk Carrier,135.00,9104.00,22.00,113.00,129.00,109.00,14.00,0.00,24.00,129.00,29.00,Low,0,0
NIMET TORLAK,9282948,636021041,Cargo,Bulk Carrier,138.00,11349.00,20.00,124.00,123.00,112.00,6.00,0.00,31.00,95.00,32.00,Low,0,0
GANNET S,9316995,636018923,Cargo,Bulk Carrier,135.00,9865.00,16.00,64.00,85.00,215.00,1.00,0.00,21.00,96.00,13.00,Moderate,1,0
AURORA ONE,9343819,538005792,Cargo,Bulk Carrier,115.00,7341.00,16.00,140.00,146.00,79.00,0.00,0.00,22.00,160.00,28.00,Low,0,0
COE LAURA,9343821,304031000,Cargo,Bulk Carrier,115.00,7341.00,15.00,158.00,105.00,95.00,7.00,0.00,44.00,56.00,40.00,Low,0,0
MAXIMUS-1,9344734,371564000,Cargo,Bulk Carrier,128.00,6177.00,19.00,85.00,132.00,138.00,10.00,1.00,22.00,144.00,14.00,Low,0,0
LADY DIVINA,9354052,314672000,Cargo,Bulk Carrier,140.00,11697.00,16.00,151.00,132.00,78.00,4.00,0.00,29.00,109.00,42.00,Moderate,1,0
PETREL S,9363883,636019558,Cargo,Bulk Carrier,140.00,11674.00,17.00,170.00,124.00,65.00,6.00,0.00,30.00,99.00,43.00,Low,0,0
ALEXIA I,9365049,538009439,Cargo,Bulk Carrier,133.00,6945.00,18.00,160.00,116.00,72.00,17.00,0.00,16.00,94.00,31.00,Low,0,0
FINIKIA,9385233,468395000,Cargo,Bulk Carrier,140.00,11767.00,14.00,51.00,60.00,40.00,214.00,110.00,15.00,96.00,12.00,High,1,0
ADAROSE,9392107,636019247,Cargo,Bulk Carrier,115.00,7404.00,14.00,145.00,170.00,34.00,16.00,0.00,41.00,99.00,34.00,Low,0,0
HATICE C,9396555,372658000,Cargo,Bulk Carrier,148.00,10122.00,16.00,157.00,134.00,72.00,2.00,0.00,27.00,119.00,32.00,Low,0,0
SMARTA,9396567,636019056,Cargo,Bulk Carrier,148.00,10130.00,16.00,39.00,26.00,17.00,283.00,166.00,7.00,90.00,10.00,Low,0,0
SUPRA,9397200,636019547,Cargo,Bulk Carrier,151.00,10299.00,17.00,141.00,134.00,89.00,1.00,0.00,32.00,99.00,33.00,High,1,0
THOE,9400588,538008688,Cargo,Bulk Carrier,136.00,7959.00,17.00,59.00,106.00,45.00,155.00,0.00,27.00,94.00,14.00,Low,0,0
LADY HATICE,9413078,356300000,Cargo,Bulk Carrier,140.00,11767.00,14.00,157.00,145.00,63.00,0.00,0.00,32.00,108.00,38.00,Low,0,0
SELECTA,9424807,636018116,Cargo,Bulk Carrier,146.00,9294.00,16.00,150.00,157.00,57.00,1.00,0.00,30.00,117.00,37.00,Low,0,0
BOLTEN SYMI,9427380,538008709,Cargo,Bulk Carrier,157.00,15861.00,14.00,212.00,117.00,35.00,1.00,0.00,106.00,27.00,49.00,Low,0,0
MALLARD S,9427392,636020193,Cargo,Bulk Carrier,157.00,15861.00,13.00,38.00,32.00,294.00,1.00,0.00,13.00,59.00,10.00,Low,0,0
LUCKY TRADER,9427574,314586000,Cargo,Bulk Carrier,157.00,15861.00,12.00,171.00,108.00,85.00,1.00,0.00,26.00,99.00,44.00,Low,0,0
FEDOR,9431977,273294380,Cargo,Bulk Carrier,134.00,6699.00,16.00,71.00,37.00,65.00,192.00,143.00,11.00,80.00,13.00,Low,0,0
SENATA,9451575,636013823,Cargo,Bulk Carrier,141.00,8289.00,15.00,203.00,90.00,72.00,0.00,0.00,30.00,72.00,41.00,High,1,0
MATRIX,9454125,352980836,Cargo,Bulk Carrier,113.00,5087.00,16.00,65.00,85.00,171.00,44.00,0.00,34.00,60.00,11.00,Moderate,1,0
LODESTAR,9470143,636020779,Cargo,Bulk Carrier,151.00,10784.00,15.00,118.00,148.00,96.00,3.00,0.00,50.00,70.00,29.00,Low,0,0
MEDIQUEEN,9476410,636020849,Cargo,Bulk Carrier,151.00,10784.00,15.00,140.00,136.00,84.00,5.00,1.00,38.00,86.00,31.00,Low,0,0
PRIDE,9480277,636021704,Cargo,Bulk Carrier,152.00,10784.00,15.00,109.00,153.00,93.00,10.00,2.00,45.00,82.00,26.00,Low,0,0
NAVIN EAGLE,9485186,538007990,Cargo,Bulk Carrier,113.00,5087.00,15.00,160.00,133.00,51.00,21.00,2.00,33.00,97.00,34.00,Low,0,0
BC RAEDA,9487598,314572000,Cargo,Bulk Carrier,158.00,15302.00,12.00,128.00,134.00,100.00,3.00,0.00,19.00,168.00,35.00,Low,0,0
STEVIE,9488035,636093123,Cargo,Bulk Carrier,139.00,9627.00,13.00,251.00,76.00,35.00,3.00,0.00,35.00,52.00,76.00,High,1,0
NAVIN FALCON,9492933,538007986,Cargo,Bulk Carrier,113.00,5087.00,15.00,120.00,124.00,120.00,1.00,0.00,25.00,119.00,26.00,Low,0,0
SACURA,9497000,636020540,Cargo,Bulk Carrier,139.00,8890.00,12.00,104.00,79.00,26.00,156.00,0.00,25.00,76.00,22.00,Low,0,0
BEHCET C,9503744,357250000,Cargo,Bulk Carrier,160.00,13675.00,14.00,120.00,91.00,146.00,8.00,1.00,21.00,104.00,25.00,Low,0,0
NAVIN HARRIER,9506409,538007989,Cargo,Bulk Carrier,113.00,5087.00,15.00,128.00,103.00,131.00,3.00,1.00,39.00,63.00,29.00,Low,0,0
ATA,9521899,370429000,Cargo,Bulk Carrier,150.00,10830.00,14.00,138.00,107.00,120.00,0.00,0.00,20.00,129.00,29.00,Low,0,0
NAVIN HAWK,9522738,538007987,Cargo,Bulk Carrier,113.00,5087.00,14.00,128.00,103.00,131.00,3.00,1.00,39.00,63.00,29.00,Low,0,0
ADAVEGA,9539339,636019710,Cargo,Bulk Carrier,115.00,7404.00,13.00,192.00,113.00,60.00,0.00,0.00,39.00,69.00,46.00,High,1,0
CANGA STAR,9540039,577556000,Cargo,Bulk Carrier,127.00,6756.00,12.00,132.00,73.00,75.00,85.00,3.00,27.00,65.00,28.00,Low,0,0
NAVIN VULTURE,9543328,538007988,Cargo,Bulk Carrier,113.00,5087.00,14.00,75.00,85.00,160.00,45.00,1.00,30.00,68.00,18.00,Low,0,0
AFINA I,9585015,248300000,Cargo,Bulk Carrier,139.00,8887.00,13.00,116.00,135.00,80.00,34.00,0.00,32.00,102.00,28.00,Low,0,0
MBC DAISY,9609902,256259000,Cargo,Bulk Carrier,146.00,10154.00,12.00,158.00,111.00,89.00,7.00,1.00,28.00,95.00,35.00,Low,0,0
STELLAR BALTIC,9614347,305610000,Cargo,Bulk Carrier,150.00,12825.00,11.00,161.00,156.00,48.00,0.00,0.00,28.00,134.00,42.00,Low,0,0
TRANSOCEAN,9644251,636020467,Cargo,Bulk Carrier,160.00,15732.00,11.00,172.00,130.00,48.00,15.00,1.00,19.00,162.00,42.00,Low,0,0
EEMSLIFT DAFNE,9671448,244810443,Cargo,Bulk Carrier,112.00,5460.00,9.00,247.00,91.00,22.00,5.00,5.00,132.00,17.00,80.00,Low,0,0
EEMSLIFT DAFNE,9671448,244810443,Cargo,Bulk Carrier,112.00,5460.00,9.00,235.00,78.00,49.00,3.00,0.00,42.00,44.00,73.00,Low,0,0
EEMSLIFT HENDRIKA,9671486,244790047,Cargo,Bulk Carrier,112.00,5460.00,8.00,235.00,78.00,49.00,3.00,0.00,42.00,44.00,73.00,Low,0,0
PROFESSOR B,8401523,620040000,Cargo,Container Vessel,152.00,10733.00,39.00,75.00,178.00,109.00,3.00,0.00,19.00,225.00,16.00,Low,0,0
ANNABELLA,8919788,620743000,Cargo,Container Vessel,123.00,7398.00,32.00,88.00,115.00,130.00,32.00,29.00,32.00,87.00,19.00,Low,0,0
MSC JENNY II,9000742,255805777,Cargo,Container Vessel,200.00,28397.00,29.00,117.00,199.00,49.00,0.00,0.00,84.00,57.00,31.00,Low,0,0
MSC TASMANIA,9008574,355129000,Cargo,Container Vessel,216.00,34231.00,30.00,131.00,157.00,77.00,0.00,0.00,87.00,43.00,34.00,Low,0,0
MSC AMERICA,9008603,355028000,Cargo,Container Vessel,216.00,34231.00,30.00,159.00,127.00,77.00,2.00,0.00,106.00,29.00,43.00,Low,0,0
MARTINE A,9020340,271041000,Cargo,Container Vessel,149.00,10546.00,30.00,169.00,132.00,41.00,23.00,17.00,77.00,41.00,41.00,Low,0,0
INGA A,9020352,271042494,Cargo,Container Vessel,149.00,10546.00,30.00,172.00,144.00,47.00,2.00,1.00,85.00,41.00,43.00,Low,0,0
MSC JEMIMA,9051478,352138000,Cargo,Container Vessel,202.00,30971.00,30.00,179.00,136.00,41.00,9.00,0.00,116.00,28.00,50.00,Low,0,0
MSC NILGUN,9051492,357191000,Cargo,Container Vessel,202.00,30971.00,29.00,203.00,124.00,38.00,0.00,0.00,117.00,25.00,48.00,Low,0,0
CHRISTINA 1,9061253,352898693,Cargo,Container Vessel,100.00,3992.00,30.00,58.00,182.00,123.00,2.00,0.00,30.00,132.00,13.00,Low,0,0
SCORPION 1,9061277,352898674,Cargo,Container Vessel,101.00,3992.00,30.00,74.00,182.00,90.00,19.00,1.00,42.00,104.00,17.00,Low,0,0
MSC LARA,9064748,355746000,Cargo,Container Vessel,203.00,28892.00,29.00,124.00,110.00,85.00,46.00,0.00,92.00,29.00,34.00,Low,0,0
MSC ELEONORA,9064750,356167000,Cargo,Container Vessel,203.00,28892.00,29.00,149.00,129.00,84.00,3.00,0.00,104.00,30.00,42.00,Low,0,0
MSC NITA,9084607,636018389,Cargo,Container Vessel,167.00,15859.00,27.00,168.00,135.00,50.00,12.00,5.00,109.00,30.00,45.00,Low,0,0
KORMORAN,9100061,671274100,Cargo,Container Vessel,108.00,3957.00,29.00,67.00,131.00,113.00,54.00,17.00,18.00,175.00,13.00,Low,0,0
MSC SENA,9116369,636017582,Cargo,Container Vessel,202.00,30280.00,27.00,199.00,136.00,19.00,11.00,0.00,84.00,39.00,61.00,Low,0,0
ADMIRAL DANIAL,9122227,511100380,Cargo,Container Vessel,101.00,3999.00,28.00,143.00,115.00,72.00,35.00,32.00,42.00,66.00,32.00,Low,0,0
A2B PROUD,9122239,245502000,Cargo,Container Vessel,101.00,3999.00,28.00,83.00,210.00,51.00,21.00,0.00,86.00,58.00,23.00,Low,0,0
ROZA A,9126742,271001057,Cargo,Container Vessel,169.00,15120.00,27.00,153.00,167.00,42.00,3.00,0.00,219.00,18.00,40.00,Low,0,0
TOMRIZ A,9126754,271001058,Cargo,Container Vessel,169.00,15120.00,26.00,121.00,163.00,69.00,12.00,0.00,154.00,25.00,36.00,Low,0,0
CORELLI,9126766,256648000,Cargo,Container Vessel,169.00,15120.00,26.00,165.00,119.00,75.00,6.00,2.00,104.00,27.00,43.00,Low,0,0
SARA STAR,9129471,370288000,Cargo,Container Vessel,101.00,3999.00,27.00,73.00,230.00,62.00,0.00,0.00,30.00,182.00,14.00,Low,0,0
UNI ASPIRE,9130573,353695000,Cargo,Container Vessel,165.00,14807.00,25.00,152.00,117.00,94.00,2.00,0.00,125.00,22.00,51.00,Low,0,0
UNI-ASSURE,9130597,357398000,Cargo,Container Vessel,165.00,14807.00,24.00,116.00,143.00,106.00,0.00,0.00,122.00,28.00,36.00,Low,0,0
DNIPRO LINE,9136371,272771000,Cargo,Container Vessel,110.00,2077.00,25.00,64.00,150.00,145.00,6.00,0.00,35.00,103.00,12.00,Low,0,0
NALI,9141340,357505000,Cargo,Container Vessel,110.00,2077.00,25.00,84.00,139.00,122.00,20.00,0.00,49.00,68.00,12.00,Low,0,0
MED AYDIN,9148025,271048694,Cargo,Container Vessel,196.00,29022.00,26.00,124.00,167.00,62.00,12.00,0.00,97.00,41.00,29.00,Low,0,0
WEC BOUMEESTER,9150080,255802680,Cargo,Container Vessel,132.00,5941.00,26.00,87.00,219.00,55.00,4.00,1.00,74.00,71.00,22.00,Low,0,0
MSC LEA,9162643,636018325,Cargo,Container Vessel,217.00,24836.00,23.00,194.00,93.00,78.00,0.00,0.00,98.00,23.00,52.00,Low,0,0
ALEXANDER MAERSK,9164237,219470000,Cargo,Container Vessel,155.00,14120.00,25.00,227.00,90.00,44.00,4.00,2.00,108.00,20.00,57.00,Low,0,0
MSC EDITH,9169029,636018324,Cargo,Container Vessel,216.00,25219.00,25.00,173.00,117.00,71.00,4.00,0.00,112.00,25.00,48.00,Low,0,0
MSC MARYLENA,9169031,255805947,Cargo,Container Vessel,216.00,25219.00,25.00,188.00,112.00,64.00,1.00,0.00,98.00,27.00,54.00,Low,0,0
MSC CAITLIN,9169043,636018323,Cargo,Container Vessel,216.00,25219.00,25.00,240.00,97.00,23.00,5.00,0.00,146.00,16.00,79.00,Low,0,0
MSC MIA SUMMER,9169067,636018326,Cargo,Container Vessel,216.00,25219.00,24.00,203.00,120.00,39.00,3.00,0.00,130.00,22.00,60.00,Low,0,0
MAERSK ANTWERP,9175781,477958500,Cargo,Container Vessel,155.00,14063.00,24.00,129.00,136.00,99.00,1.00,0.00,79.00,41.00,32.00,Low,0,0
MSC MASHA 3,9188219,255806109,Cargo,Container Vessel,184.00,21583.00,25.00,191.00,130.00,43.00,1.00,0.00,109.00,29.00,50.00,Low,0,0
NELE MAERSK,9192442,477648100,Cargo,Container Vessel,199.00,27773.00,23.00,223.00,86.00,44.00,12.00,0.00,85.00,24.00,62.00,Low,0,0
DUYGU,9199787,577165000,Cargo,Container Vessel,111.00,4388.00,23.00,160.00,115.00,87.00,3.00,0.00,35.00,78.00,35.00,Low,0,0
BMI EAGLE,9200093,271000578,Cargo,Container Vessel,114.00,4631.00,24.00,180.00,89.00,84.00,12.00,3.00,85.00,25.00,46.00,Low,0,0
UNI PHOENIX,9202170,357962000,Cargo,Container Vessel,182.00,17887.00,23.00,144.00,126.00,77.00,18.00,2.00,96.00,31.00,46.00,Low,0,0
WADI ALRAYAN,9208875,622121427,Cargo,Container Vessel,215.00,34083.00,23.00,109.00,186.00,55.00,15.00,0.00,130.00,34.00,24.00,Low,0,0
MSC ANDRIANA III,9222120,636021250,Cargo,Container Vessel,210.00,26582.00,22.00,166.00,132.00,46.00,21.00,0.00,80.00,40.00,43.00,Low,0,0
MSC SHIRLEY,9224049,636017022,Cargo,Container Vessel,188.00,23652.00,23.00,242.00,95.00,27.00,1.00,0.00,93.00,25.00,69.00,Low,0,0
MSC RHIANNON,9224051,636017023,Cargo,Container Vessel,188.00,23652.00,22.00,208.00,121.00,34.00,2.00,0.00,113.00,26.00,58.00,Low,0,0
MSC FLOSTA III,9232395,352001244,Cargo,Container Vessel,207.00,25630.00,21.00,243.00,114.00,6.00,2.00,0.00,90.00,30.00,68.00,Low,0,0
GRETA,9234422,312479000,Cargo,Container Vessel,100.00,2936.00,22.00,226.00,69.00,63.00,7.00,1.00,120.00,14.00,50.00,Low,0,0
SC POTOMAC,9236274,636020662,Cargo,Container Vessel,149.00,10308.00,21.00,137.00,154.00,41.00,33.00,0.00,132.00,28.00,35.00,Low,0,0
HAJ YEHIA,9237931,511100746,Cargo,Container Vessel,100.00,4419.00,23.00,102.00,195.00,60.00,8.00,2.00,37.00,126.00,24.00,Low,0,0
YIGITCAN A,9238076,215424000,Cargo,Container Vessel,156.00,14193.00,22.00,190.00,107.00,68.00,0.00,0.00,154.00,17.00,52.00,Low,0,0
MSC PAMIRA III,9239903,636021246,Cargo,Container Vessel,212.00,27322.00,21.00,197.00,117.00,48.00,3.00,0.00,94.00,30.00,48.00,Low,0,0
AURETTE A,9242285,215413000,Cargo,Container Vessel,155.00,14236.00,21.00,178.00,124.00,58.00,5.00,1.00,88.00,34.00,52.00,Low,0,0
ELBE,9244180,636021322,Cargo,Container Vessel,133.00,6191.00,22.00,185.00,127.00,36.00,17.00,0.00,194.00,16.00,58.00,Low,0,0
CARDONIA,9253026,636090799,Cargo,Container Vessel,222.00,28596.00,20.00,204.00,141.00,18.00,2.00,0.00,228.00,15.00,67.00,Low,0,0
MSC SUEDEROOG F,9256327,636022047,Cargo,Container Vessel,161.00,15633.00,18.00,162.00,118.00,83.00,2.00,0.00,129.00,22.00,43.00,Low,0,0
MERIOS,9264764,352408000,Cargo,Container Vessel,133.00,6704.00,20.00,187.00,112.00,57.00,9.00,6.00,145.00,19.00,59.00,Low,0,0
SHIBA,9270646,422027500,Cargo,Container Vessel,187.00,23289.00,13.00,229.00,55.00,79.00,2.00,0.00,33.00,40.00,70.00,High,1,0
DAISY,9270684,422905000,Cargo,Container Vessel,187.00,23289.00,11.00,228.00,61.00,75.00,1.00,0.00,29.00,50.00,71.00,High,1,0
ARTABAZ,9283007,422039100,Cargo,Container Vessel,207.00,25391.00,20.00,131.00,77.00,157.00,0.00,0.00,25.00,72.00,43.00,High,1,0
AZARGOUN,9283019,422039300,Cargo,Container Vessel,207.00,25391.00,20.00,159.00,65.00,114.00,27.00,27.00,43.00,37.00,53.00,High,1,0
ARTENOS,9283021,422039200,Cargo,Container Vessel,207.00,25391.00,19.00,117.00,144.00,102.00,2.00,0.00,36.00,96.00,37.00,High,1,0
ARZIN,9284142,422038900,Cargo,Container Vessel,207.00,25391.00,19.00,142.00,98.00,103.00,22.00,0.00,42.00,56.00,37.00,High,1,0
KONRAD,9292125,636020910,Cargo,Container Vessel,175.00,18334.00,18.00,194.00,81.00,88.00,2.00,0.00,72.00,27.00,66.00,Low,0,0
JULIUS S,9294018,304010000,Cargo,Container Vessel,207.00,25672.00,19.00,212.00,105.00,41.00,7.00,0.00,58.00,43.00,65.00,Low,0,0
MSC ANTWERP III,9304746,636021517,Cargo,Container Vessel,212.00,27059.00,18.00,178.00,127.00,55.00,5.00,0.00,122.00,25.00,53.00,Low,0,0
CONTSHIP SEA,9306213,636019225,Cargo,Container Vessel,168.00,15345.00,16.00,168.00,119.00,73.00,5.00,0.00,123.00,23.00,48.00,Low,0,0
CONTSHIP RUN,9306237,636019221,Cargo,Container Vessel,168.00,15345.00,16.00,163.00,114.00,81.00,7.00,0.00,99.00,28.00,49.00,Low,0,0
ASTRID L,9306835,304903000,Cargo,Container Vessel,148.00,9931.00,17.00,187.00,95.00,81.00,2.00,0.00,122.00,19.00,53.00,Low,0,0
NAVIOS SUMMER,9308003,538008152,Cargo,Container Vessel,239.00,36483.00,17.00,189.00,146.00,27.00,3.00,0.00,176.00,20.00,59.00,Low,0,0
CONTSHIP FUN,9308613,636019053,Cargo,Container Vessel,139.00,9981.00,17.00,226.00,101.00,35.00,3.00,0.00,111.00,22.00,58.00,Low,0,0
ODYSSEUS,9315824,636016770,Cargo,Container Vessel,222.00,28592.00,17.00,203.00,124.00,34.00,4.00,1.00,163.00,18.00,63.00,Low,0,0
SASKIA A,9315927,271044177,Cargo,Container Vessel,222.00,28927.00,16.00,165.00,140.00,60.00,0.00,0.00,155.00,22.00,52.00,Low,0,0
ADILIA 1,9318761,255806330,Cargo,Container Vessel,140.00,9701.00,19.00,207.00,129.00,28.00,1.00,1.00,140.00,22.00,56.00,Low,0,0
YM INVENTIVE,9319105,636012798,Cargo,Container Vessel,173.00,16488.00,16.00,142.00,163.00,60.00,0.00,0.00,130.00,29.00,41.00,Low,0,0
MSC AMANDA F,9319600,255805966,Cargo,Container Vessel,139.00,9981.00,17.00,168.00,148.00,48.00,1.00,0.00,108.00,33.00,49.00,Low,0,0
STADT DRESDEN,9320049,255806065,Cargo,Container Vessel,222.00,27971.00,17.00,207.00,120.00,37.00,1.00,0.00,107.00,27.00,48.00,Low,0,0
CMA CGM ABIDJAN,9323481,256022000,Cargo,Container Vessel,175.00,18327.00,16.00,171.00,132.00,62.00,0.00,0.00,92.00,32.00,52.00,Low,0,0
ALOPO,9329564,636019446,Cargo,Container Vessel,130.00,7464.00,18.00,174.00,107.00,82.00,2.00,0.00,137.00,19.00,50.00,Low,0,0
SATIE,9330513,229978000,Cargo,Container Vessel,222.00,28616.00,17.00,172.00,136.00,57.00,0.00,0.00,145.00,22.00,61.00,Low,0,0
CONTSHIP DON,9347956,636019245,Cargo,Container Vessel,148.00,9948.00,17.00,218.00,93.00,54.00,0.00,0.00,129.00,17.00,62.00,Low,0,0
CONTSHIP JET,9348625,636019532,Cargo,Container Vessel,160.00,14016.00,16.00,125.00,115.00,94.00,31.00,0.00,101.00,27.00,42.00,Low,0,0
CONTSHIP JOY,9349174,636020064,Cargo,Container Vessel,141.00,10965.00,16.00,195.00,120.00,42.00,8.00,0.00,142.00,20.00,56.00,Low,0,0
TASMAN STRAIT,9351218,636092855,Cargo,Container Vessel,175.00,18123.00,15.00,167.00,97.00,101.00,0.00,0.00,80.00,29.00,50.00,Low,0,0
ANDANTE,9354387,255805845,Cargo,Container Vessel,134.00,9962.00,16.00,167.00,146.00,51.00,1.00,0.00,100.00,35.00,51.00,Low,0,0
SAFMARINE NAKURU,9356103,477552900,Cargo,Container Vessel,211.00,25904.00,15.00,182.00,112.00,71.00,0.00,0.00,140.00,19.00,49.00,Low,0,0
SAFMARINE NUBA,9356115,477552100,Cargo,Container Vessel,210.00,25904.00,15.00,215.00,96.00,54.00,0.00,0.00,96.00,24.00,59.00,Low,0,0
JONATHAN P,9357872,636020153,Cargo,Container Vessel,177.00,18480.00,17.00,188.00,93.00,82.00,2.00,0.00,83.00,27.00,59.00,Low,0,0
ZIM NEW ZEALAND,9366471,636021506,Cargo,Container Vessel,150.00,10308.00,16.00,206.00,120.00,38.00,1.00,0.00,123.00,23.00,71.00,Low,0,0
ELBSPIRIT,9372860,636091619,Cargo,Container Vessel,229.00,36087.00,15.00,191.00,120.00,54.00,0.00,0.00,111.00,26.00,56.00,Low,0,0
JETTE,9374117,255806253,Cargo,Container Vessel,148.00,9957.00,16.00,185.00,89.00,63.00,28.00,26.00,102.00,21.00,50.00,Low,0,0
NAVI BALTIC,9386718,255805884,Cargo,Container Vessel,168.00,17488.00,14.00,203.00,135.00,27.00,0.00,0.00,135.00,24.00,67.00,Low,0,0
OYSTER,9418884,372797000,Cargo,Container Vessel,136.00,7393.00,15.00,139.00,116.00,107.00,3.00,0.00,18.00,155.00,34.00,Low,0,0
CMA CGM AMBARLI,9436422,256019000,Cargo,Container Vessel,231.00,35991.00,15.00,173.00,121.00,55.00,16.00,16.00,115.00,25.00,51.00,Low,0,0
BACH,9436458,636018739,Cargo,Container Vessel,231.00,35991.00,14.00,227.00,95.00,39.00,4.00,0.00,94.00,24.00,83.00,Low,0,0
AS FATIMA,9437191,255806067,Cargo,Container Vessel,166.00,15334.00,15.00,186.00,125.00,48.00,6.00,0.00,86.00,35.00,53.00,Low,0,0
ADMIRAL MOON,9437220,636020582,Cargo,Container Vessel,139.00,9946.00,15.00,242.00,87.00,36.00,0.00,0.00,128.00,16.00,69.00,Low,0,0
ADMIRAL SUN,9437244,636020581,Cargo,Container Vessel,139.00,9946.00,15.00,207.00,91.00,65.00,2.00,0.00,116.00,19.00,66.00,Low,0,0
WARNOW MASTER,9449833,636093095,Cargo,Container Vessel,180.00,17068.00,14.00,172.00,153.00,37.00,3.00,0.00,120.00,30.00,55.00,Low,0,0
AS ANITA,9470961,636018745,Cargo,Container Vessel,189.00,21842.00,13.00,168.00,129.00,67.00,1.00,2.00,118.00,26.00,49.00,Low,0,0
JPO AQUILA,9477359,636022261,Cargo,Container Vessel,161.00,16137.00,13.00,185.00,112.00,37.00,31.00,22.00,90.00,30.00,52.00,Low,0,0
VIVIEN A,9491848,271040635,Cargo,Container Vessel,210.00,26195.00,13.00,197.00,136.00,32.00,0.00,0.00,157.00,21.00,61.00,Low,0,0
GULBENIZ A,9491850,271042493,Cargo,Container Vessel,210.00,26195.00,12.00,175.00,145.00,45.00,0.00,0.00,163.00,21.00,55.00,Low,0,0
MARIONA,7113624,677085700,Cargo,General Cargo,77.00,1977.00,52.00,161.00,62.00,94.00,48.00,33.00,40.00,37.00,34.00,Low,0,0
ARMONY,7615012,677041700,Cargo,General Cargo,71.00,1690.00,46.00,94.00,197.00,69.00,5.00,0.00,62.00,77.00,16.00,Low,0,0
DORO,7636987,750237000,Cargo,General Cargo,66.00,1114.00,46.00,133.00,158.00,57.00,17.00,7.00,44.00,86.00,22.00,Low,0,0
TAXIARCHIS M,7711907,240477700,Cargo,General Cargo,80.00,2041.00,44.00,95.00,172.00,18.00,80.00,0.00,72.00,57.00,18.00,High,1,0
JAGUAR,7726990,511942000,Cargo,General Cargo,80.00,1925.00,45.00,54.00,107.00,180.00,24.00,11.00,37.00,70.00,10.00,Moderate,1,0
NANDA C,7808097,620999041,Cargo,General Cargo,69.00,998.00,42.00,56.00,107.00,167.00,35.00,14.00,42.00,61.00,10.00,Moderate,1,0
ARCHON MICHAEL,7816135,667002006,Cargo,General Cargo,80.00,1713.00,44.00,115.00,83.00,96.00,71.00,1.00,55.00,36.00,15.00,Low,0,0
KARADENIZ-5,7816513,511100608,Cargo,General Cargo,74.00,996.00,42.00,84.00,165.00,101.00,15.00,0.00,65.00,61.00,13.00,Low,0,0
SEA MERCY,7911595,511100849,Cargo,General Cargo,81.00,2343.00,42.00,94.00,129.00,107.00,35.00,28.00,29.00,107.00,17.00,Moderate,1,0
SEA STAR,7929619,511100426,Cargo,General Cargo,80.00,3433.00,43.00,89.00,86.00,168.00,22.00,4.00,28.00,74.00,10.00,Moderate,1,0
RAYAN,8003931,671208000,Cargo,General Cargo,81.00,2225.00,43.00,51.00,198.00,107.00,9.00,0.00,31.00,151.00,9.00,Low,0,0
LOYGA,8004791,630001006,Cargo,General Cargo,80.00,3433.00,42.00,66.00,99.00,189.00,11.00,2.00,44.00,54.00,10.00,Moderate,1,0
OLMA,8004806,334029000,Cargo,General Cargo,80.00,3433.00,42.00,83.00,116.00,137.00,29.00,26.00,29.00,96.00,15.00,Low,0,0
CPT.ERSOY SAKAR,8101599,577610000,Cargo,General Cargo,78.00,996.00,40.00,130.00,43.00,146.00,46.00,0.00,19.00,55.00,21.00,High,1,0
AL RAHMANI,8104606,671306100,Cargo,General Cargo,81.00,2363.00,42.00,68.00,156.00,73.00,68.00,52.00,32.00,117.00,10.00,Moderate,1,0
YILMAZ KAPTAN,8132598,577592000,Cargo,General Cargo,73.00,942.00,44.00,114.00,107.00,142.00,2.00,0.00,56.00,46.00,18.00,Low,0,0
KAAN S,8139302,667002104,Cargo,General Cargo,72.00,856.00,44.00,130.00,103.00,125.00,7.00,4.00,116.00,21.00,17.00,Low,0,0
RED LINE,8200802,577568000,Cargo,General Cargo,78.00,1525.00,40.00,71.00,183.00,80.00,31.00,13.00,40.00,103.00,13.00,High,1,0
HAPPY WOLF,8207410,577577000,Cargo,General Cargo,68.00,1560.00,40.00,136.00,112.00,100.00,17.00,2.00,34.00,79.00,18.00,Low,0,0
EYMEN E,8218378,577576000,Cargo,General Cargo,79.00,1249.00,40.00,70.00,181.00,110.00,4.00,2.00,75.00,58.00,13.00,Low,0,0
SEALOCK,8218380,677041000,Cargo,General Cargo,80.00,1343.00,38.00,123.00,115.00,116.00,11.00,2.00,26.00,105.00,15.00,High,1,0
GELIBOLU 2,8319976,613199630,Cargo,General Cargo,79.00,997.00,39.00,145.00,93.00,89.00,38.00,8.00,44.00,51.00,15.00,High,1,0
STARLET,8401559,375166000,Cargo,General Cargo,75.00,1289.00,39.00,115.00,125.00,118.00,7.00,0.00,48.00,62.00,21.00,Low,0,0
HELT,8402589,354831000,Cargo,General Cargo,79.00,1473.00,38.00,20.00,31.00,39.00,275.00,0.00,15.00,49.00,3.00,Low,0,0
GERDA S,8402656,577573000,Cargo,General Cargo,79.00,998.00,39.00,111.00,127.00,66.00,61.00,3.00,34.00,88.00,18.00,High,1,0
NESA,8409654,577489000,Cargo,General Cargo,82.00,1559.00,39.00,163.00,105.00,75.00,22.00,2.00,35.00,69.00,22.00,Low,0,0
EVEREST,8411633,630001021,Cargo,General Cargo,79.00,1132.00,38.00,146.00,81.00,99.00,39.00,1.00,51.00,38.00,23.00,Low,0,0
LHOTSE C,8411669,620651000,Cargo,General Cargo,79.00,998.00,38.00,114.00,76.00,126.00,49.00,11.00,32.00,57.00,18.00,High,1,0
SEA TURTLE,8411671,620999038,Cargo,General Cargo,79.00,998.00,38.00,107.00,70.00,128.00,60.00,2.00,44.00,35.00,17.00,High,1,0
SNOWLARK,8412417,577562000,Cargo,General Cargo,75.00,1289.00,39.00,129.00,105.00,126.00,5.00,0.00,31.00,81.00,17.00,Low,0,0
FORTIUS,8420701,577288000,Cargo,General Cargo,75.00,1291.00,38.00,84.00,139.00,129.00,13.00,1.00,42.00,80.00,14.00,Low,0,0
NS THUNDER,8422010,629009077,Cargo,General Cargo,82.00,1559.00,39.00,184.00,82.00,94.00,5.00,4.00,42.00,47.00,29.00,Low,0,0
SEBA,8505939,620282000,Cargo,General Cargo,75.00,1300.00,38.00,173.00,102.00,51.00,39.00,10.00,52.00,37.00,27.00,Low,0,0
NAJVA 3,8506024,422566800,Cargo,General Cargo,79.00,1139.00,37.00,147.00,58.00,115.00,45.00,2.00,30.00,47.00,26.00,High,1,0
MY EFEKAN 2,8509002,577408000,Cargo,General Cargo,81.00,1567.00,37.00,171.00,92.00,99.00,3.00,0.00,44.00,50.00,27.00,Low,0,0
SULINA,8509363,677064900,Cargo,General Cargo,78.00,2007.00,38.00,75.00,61.00,201.00,28.00,18.00,31.00,47.00,14.00,High,1,0
BMO RIVER,8511914,511100682,Cargo,General Cargo,79.00,1318.00,37.00,35.00,46.00,70.00,214.00,91.00,34.00,32.00,7.00,Low,0,0
ALTIUS,8511938,577249000,Cargo,General Cargo,74.00,1163.00,38.00,162.00,75.00,105.00,23.00,9.00,47.00,38.00,32.00,High,1,0
ERHAN ARAZ,8512059,271000388,Cargo,General Cargo,80.00,2435.00,36.00,59.00,189.00,113.00,4.00,0.00,53.00,86.00,13.00,Low,0,0
BERK,8519942,613942700,Cargo,General Cargo,58.00,794.00,37.00,73.00,104.00,98.00,90.00,29.00,38.00,66.00,11.00,High,1,0
BANU,8519954,667001368,Cargo,General Cargo,58.00,794.00,37.00,60.00,97.00,53.00,155.00,107.00,33.00,70.00,10.00,High,1,0
MY DURU,8602000,577302000,Cargo,General Cargo,74.00,1525.00,37.00,157.00,138.00,64.00,6.00,0.00,72.00,46.00,26.00,Low,0,0
GELIBOLU,8611996,613919601,Cargo,General Cargo,81.00,1272.00,37.00,109.00,108.00,125.00,23.00,6.00,48.00,53.00,17.00,Moderate,1,0
SVITOCH,8806084,620879000,Cargo,General Cargo,69.00,910.00,35.00,57.00,185.00,89.00,34.00,4.00,14.00,318.00,7.00,High,1,0
SAHIN 2,8817198,577543000,Cargo,General Cargo,75.00,1882.00,35.00,111.00,173.00,79.00,2.00,0.00,62.00,67.00,17.00,Low,0,0
BARLAS,8827430,374343000,Cargo,General Cargo,54.00,875.00,35.00,92.00,104.00,166.00,3.00,2.00,45.00,56.00,15.00,Moderate,1,0
FIRTINA S,8834940,577454000,Cargo,General Cargo,76.00,1248.00,35.00,113.00,104.00,148.00,0.00,0.00,60.00,42.00,20.00,Low,0,0
ERDOGAN SENKAYA,8857655,271002242,Cargo,General Cargo,76.00,1239.00,32.00,94.00,125.00,120.00,26.00,9.00,33.00,91.00,15.00,Low,0,0
LIME,8857954,272176700,Cargo,General Cargo,78.00,2457.00,52.00,107.00,79.00,164.00,15.00,0.00,28.00,68.00,8.00,Moderate,1,0
DOGANAY,8876584,518857000,Cargo,General Cargo,81.00,1592.00,30.00,133.00,148.00,80.00,4.00,1.00,46.00,77.00,23.00,Low,0,0
INCI,8936425,613003921,Cargo,General Cargo,58.00,199.00,26.00,172.00,44.00,147.00,2.00,0.00,36.00,28.00,27.00,High,1,0
MAMAIA 2,8942228,264162049,Cargo,General Cargo,37.00,120.00,40.00,13.00,239.00,14.00,99.00,0.00,42.00,136.00,1.00,Low,0,0
MECIT KAPTAN,8943351,314578000,Cargo,General Cargo,77.00,1243.00,25.00,188.00,98.00,69.00,10.00,0.00,55.00,43.00,37.00,Low,0,0
ADA ZEYNEP,8947876,577455000,Cargo,General Cargo,73.00,906.00,28.00,136.00,87.00,129.00,13.00,0.00,55.00,38.00,22.00,Low,0,0
NORDBERG,8952467,511100562,Cargo,General Cargo,76.00,1490.00,24.00,159.00,81.00,103.00,22.00,1.00,42.00,43.00,37.00,Low,0,0
EAST BLACKSEA,9002453,542457110,Cargo,General Cargo,69.00,999.00,32.00,187.00,51.00,126.00,1.00,0.00,40.00,31.00,30.00,Low,0,0
BLUE SHARK,9003770,671377100,Cargo,General Cargo,63.00,1907.00,33.00,101.00,66.00,181.00,17.00,2.00,21.00,76.00,20.00,Moderate,1,0
KAPTAN CEVDET,9005895,271002103,Cargo,General Cargo,81.00,1572.00,30.00,42.00,258.00,56.00,9.00,2.00,30.00,207.00,8.00,Moderate,1,0
ALCON,9006423,457347000,Cargo,General Cargo,78.00,1382.00,32.00,88.00,97.00,160.00,20.00,0.00,38.00,61.00,12.00,Moderate,1,0
HAPPY GOKAY,9006435,577499000,Cargo,General Cargo,78.00,1382.00,32.00,150.00,108.00,102.00,5.00,0.00,56.00,46.00,19.00,Low,0,0
MY DEFNE,9006447,577505000,Cargo,General Cargo,78.00,1382.00,31.00,150.00,101.00,77.00,37.00,4.00,47.00,499.00,23.00,Low,0,0
MY REYHAN,9006459,577506000,Cargo,General Cargo,78.00,1382.00,30.00,87.00,138.00,132.00,8.00,0.00,65.00,51.00,15.00,Low,0,0
FRIENDSHIP S,9011973,375494000,Cargo,General Cargo,80.00,1574.00,32.00,204.00,80.00,66.00,15.00,0.00,41.00,47.00,37.00,Low,0,0
DOLPHIN E,9013012,511100815,Cargo,General Cargo,79.00,1276.00,32.00,103.00,76.00,108.00,78.00,6.00,37.00,50.00,17.00,Moderate,1,0
PGE LILY,9013024,511100615,Cargo,General Cargo,75.00,1247.00,32.00,102.00,82.00,163.00,18.00,1.00,44.00,45.00,18.00,Low,0,0
LAROZ,9017202,577536000,Cargo,General Cargo,74.00,1425.00,32.00,132.00,152.00,75.00,6.00,1.00,33.00,110.00,26.00,Low,0,0
BOZAT,9030462,352001177,Cargo,General Cargo,75.00,1512.00,31.00,149.00,142.00,70.00,4.00,0.00,60.00,57.00,23.00,Low,0,0
VICTRESS,9030498,357544000,Cargo,General Cargo,75.00,1512.00,31.00,147.00,81.00,108.00,29.00,9.00,41.00,47.00,23.00,Low,0,0
VENTURE,9030503,305477000,Cargo,General Cargo,75.00,1513.00,31.00,146.00,84.00,125.00,10.00,1.00,43.00,47.00,22.00,Low,0,0
ANNAPURNA,9033878,511100694,Cargo,General Cargo,65.00,1189.00,32.00,133.00,141.00,83.00,8.00,2.00,75.00,45.00,24.00,Low,0,0
ZEYBE,9040663,511100782,Cargo,General Cargo,72.00,1511.00,29.00,165.00,77.00,114.00,9.00,4.00,56.00,33.00,30.00,High,1,0
ANNA,9040962,271002144,Cargo,General Cargo,75.00,1488.00,29.00,101.00,155.00,108.00,1.00,1.00,72.00,52.00,17.00,Low,0,0
PGE TORNADO,9055187,370601000,Cargo,General Cargo,81.00,1598.00,31.00,124.00,89.00,131.00,21.00,11.00,41.00,52.00,22.00,Low,0,0
WINSEN,9066057,371281000,Cargo,General Cargo,81.00,1596.00,30.00,211.00,82.00,69.00,3.00,0.00,54.00,36.00,39.00,Low,0,0
WILBERG,9078531,511100588,Cargo,General Cargo,76.00,1518.00,30.00,158.00,66.00,78.00,63.00,0.00,28.00,55.00,35.00,Low,0,0
WALKER,9103972,577513000,Cargo,General Cargo,81.00,1596.00,29.00,130.00,138.00,87.00,10.00,4.00,86.00,38.00,24.00,Low,0,0
BIEN,9109653,613003549,Cargo,General Cargo,56.00,398.00,29.00,168.00,85.00,99.00,13.00,2.00,48.00,42.00,36.00,Low,0,0
KLAUSEN,9111553,351222000,Cargo,General Cargo,82.00,1554.00,28.00,172.00,79.00,106.00,8.00,4.00,41.00,43.00,31.00,Low,0,0
MAY B,9138757,352563000,Cargo,General Cargo,78.00,1598.00,27.00,188.00,91.00,73.00,13.00,1.00,45.00,49.00,37.00,Low,0,0
EMINE ANNE,9145360,577397000,Cargo,General Cargo,69.00,884.00,27.00,112.00,119.00,119.00,15.00,4.00,59.00,48.00,23.00,High,1,0
COUSINS,9161156,511100807,Cargo,General Cargo,72.00,1246.00,26.00,115.00,109.00,87.00,54.00,4.00,42.00,62.00,21.00,Moderate,1,0
YAREN S,9187966,271002352,Cargo,General Cargo,78.00,1225.00,25.00,123.00,118.00,112.00,12.00,5.00,49.00,58.00,23.00,Low,0,0
MARY,9187978,271002353,Cargo,General Cargo,74.00,1220.00,25.00,103.00,152.00,109.00,1.00,0.00,70.00,52.00,21.00,Low,0,0
NACIYE K,9217577,374331000,Cargo,General Cargo,76.00,1233.00,23.00,158.00,88.00,106.00,13.00,0.00,54.00,39.00,34.00,Low,0,0
DAFNE H,9257204,511100603,Cargo,General Cargo,81.00,1998.00,22.00,101.00,131.00,80.00,53.00,0.00,20.00,155.00,20.00,Moderate,1,0
GANDA,9298129,256387000,Cargo,General Cargo,80.00,1850.00,20.00,224.00,87.00,50.00,4.00,0.00,62.00,34.00,38.00,Low,0,0
DENIZKONAK,9303895,271000732,Cargo,General Cargo,80.00,1919.00,19.00,95.00,105.00,80.00,85.00,8.00,36.00,70.00,19.00,Low,0,0
YILMAZ DENIZ,9318278,370773000,Cargo,General Cargo,81.00,2032.00,18.00,140.00,119.00,100.00,6.00,2.00,43.00,66.00,29.00,Low,0,0
GULIZAR ANA,9335355,271000825,Cargo,General Cargo,81.00,2132.00,18.00,108.00,92.00,129.00,36.00,10.00,45.00,49.00,24.00,Low,0,0
ASIM IMAMOGLU,9357078,271000829,Cargo,General Cargo,80.00,1587.00,18.00,188.00,109.00,66.00,2.00,0.00,57.00,44.00,41.00,Low,0,0
FG SEFA,9359210,352001626,Cargo,General Cargo,81.00,1972.00,18.00,110.00,82.00,170.00,3.00,1.00,37.00,53.00,18.00,Moderate,1,0
PARAKLITOS,9367841,352980872,Cargo,General Cargo,81.00,1972.00,17.00,134.00,145.00,75.00,11.00,4.00,50.00,70.00,24.00,Low,0,0
AHMET CAN,9368182,371734000,Cargo,General Cargo,81.00,1972.00,17.00,125.00,97.00,123.00,20.00,2.00,39.00,60.00,22.00,Low,0,0
TEK,9368637,577575000,Cargo,General Cargo,80.00,1997.00,17.00,99.00,165.00,76.00,25.00,3.00,23.00,173.00,20.00,Low,0,0
SAFFET AGA,9376282,511100560,Cargo,General Cargo,81.00,2321.00,16.00,140.00,105.00,116.00,4.00,0.00,49.00,52.00,24.00,Low,0,0
NUR,9389370,577448000,Cargo,General Cargo,81.00,1972.00,17.00,160.00,75.00,112.00,18.00,1.00,36.00,50.00,29.00,Low,0,0
KEMAL KURU,9418080,352437000,Cargo,General Cargo,81.00,2544.00,16.00,91.00,97.00,125.00,52.00,0.00,33.00,70.00,16.00,Low,0,0
DIMAIZO,9427548,357415000,Cargo,General Cargo,81.00,2431.00,16.00,108.00,151.00,95.00,11.00,6.00,50.00,73.00,20.00,Low,0,0
TOLMI,9467782,636021738,Cargo,General Cargo,81.00,1971.00,16.00,114.00,131.00,49.00,71.00,1.00,48.00,65.00,20.00,Low,0,0
DES,9523237,372504000,Cargo,General Cargo,81.00,1972.00,15.00,221.00,89.00,55.00,0.00,0.00,37.00,54.00,40.00,High,1,0
SEA STAR LIVESTOCK,6422303,671781000,Cargo,Livestock Carrier,73.00,1446.00,59.00,143.00,166.00,41.00,15.00,4.00,18.00,221.00,30.00,High,1,0
LADY MARIA,6518425,677062000,Cargo,Livestock Carrier,72.00,998.00,58.00,156.00,52.00,54.00,103.00,76.00,20.00,63.00,21.00,Moderate,1,0
MAYSA,6829082,374029000,Cargo,Livestock Carrier,78.00,1372.00,55.00,117.00,145.00,70.00,33.00,30.00,22.00,158.00,23.00,Low,0,0
JANAY,7015509,671011000,Cargo,Livestock Carrier,74.00,1090.00,53.00,100.00,51.00,44.00,170.00,0.00,25.00,49.00,18.00,High,1,0
UNIMAR LIVESTOCK,7021821,671345000,Cargo,Livestock Carrier,92.00,2248.00,53.00,257.00,54.00,46.00,8.00,0.00,32.00,41.00,55.00,Low,0,0
PACIFIC M,7041053,671659000,Cargo,Livestock Carrier,89.00,2987.00,53.00,229.00,32.00,102.00,2.00,1.00,30.00,25.00,50.00,High,1,0
NABOLSI I,7128760,357933000,Cargo,Livestock Carrier,75.00,1259.00,51.00,166.00,138.00,56.00,5.00,0.00,32.00,103.00,31.00,High,1,0
MARIONA STAR,7222982,677015500,Cargo,Livestock Carrier,78.00,1895.00,51.00,132.00,54.00,90.00,89.00,48.00,35.00,34.00,29.00,Low,0,0
LADY RASHA,7223041,677030700,Cargo,Livestock Carrier,80.00,1777.00,51.00,143.00,75.00,107.00,40.00,36.00,22.00,82.00,29.00,Low,0,0
DRAGON,7303231,671909000,Cargo,Livestock Carrier,89.00,3013.00,50.00,44.00,213.00,31.00,77.00,0.00,30.00,149.00,9.00,Low,0,0
HARMONY LIVESTOCK,7349871,677054000,Cargo,Livestock Carrier,78.00,2062.00,50.00,203.00,99.00,61.00,2.00,0.00,30.00,80.00,43.00,Low,0,0
BRITTA K,7368815,671324100,Cargo,Livestock Carrier,74.00,1598.00,49.00,187.00,61.00,116.00,1.00,0.00,35.00,42.00,40.00,Low,0,0
TULEEN,7396630,511100448,Cargo,Livestock Carrier,83.00,2504.00,48.00,176.00,61.00,120.00,8.00,4.00,29.00,50.00,37.00,Low,0,0
PRINCESSHIYAM,7405089,671700000,Cargo,Livestock Carrier,80.00,1995.00,48.00,121.00,106.00,135.00,3.00,0.00,63.00,40.00,27.00,High,1,0
APUS,7510858,671706000,Cargo,Livestock Carrier,94.00,4481.00,47.00,221.00,39.00,85.00,20.00,0.00,28.00,33.00,47.00,High,1,0
DANIA,7607429,677043400,Cargo,Livestock Carrier,83.00,2673.00,46.00,56.00,91.00,122.00,96.00,0.00,12.00,183.00,10.00,Low,0,0
HELEN,7614848,630001024,Cargo,Livestock Carrier,80.00,2403.00,45.00,105.00,120.00,93.00,47.00,42.00,32.00,90.00,22.00,High,1,0
JERSEY,7639616,671811000,Cargo,Livestock Carrier,86.00,2924.00,46.00,269.00,38.00,37.00,21.00,11.00,42.00,22.00,61.00,Low,0,0
TAIBA,7708807,677098300,Cargo,Livestock Carrier,105.00,4033.00,45.00,199.00,66.00,100.00,0.00,0.00,40.00,39.00,51.00,High,1,0
PHOENIX III,7711866,374559000,Cargo,Livestock Carrier,96.00,3095.00,45.00,220.00,99.00,46.00,0.00,0.00,33.00,72.00,47.00,Low,0,0
NEAMEH,7903029,370264000,Cargo,Livestock Carrier,106.00,6398.00,44.00,62.00,78.00,107.00,118.00,1.00,10.00,188.00,15.00,Low,0,0
NORTH STAR 1,8200565,374194000,Cargo,Livestock Carrier,100.00,7087.00,40.00,214.00,66.00,47.00,38.00,20.00,33.00,48.00,49.00,High,1,0
SEZER,8200577,356756000,Cargo,Livestock Carrier,100.00,7069.00,40.00,146.00,151.00,64.00,4.00,0.00,23.00,156.00,35.00,Low,0,0
KARAZI,8215807,667005239,Cargo,Livestock Carrier,78.00,2964.00,40.00,274.00,49.00,39.00,3.00,1.00,38.00,31.00,58.00,Low,0,0
MIRA,8300157,620046000,Cargo,Livestock Carrier,78.00,2936.00,40.00,62.00,89.00,211.00,3.00,0.00,17.00,126.00,15.00,Moderate,1,0
BASHAR ONE TRANSPORT,8506361,371417000,Cargo,Livestock Carrier,180.00,18341.00,37.00,192.00,68.00,102.00,3.00,0.00,18.00,91.00,64.00,High,1,0
FINOLA M,8616623,351371000,Cargo,Livestock Carrier,85.00,3228.00,35.00,197.00,68.00,63.00,37.00,12.00,23.00,71.00,50.00,High,1,0
AL FAROUK,8813037,667001840,Cargo,Livestock Carrier,92.00,2725.00,33.00,143.00,113.00,108.00,1.00,0.00,30.00,90.00,33.00,High,1,0
W M F EXPRESS,9004413,352001111,Cargo,Livestock Carrier,108.00,7896.00,32.00,36.00,63.00,36.00,230.00,0.00,5.00,305.00,12.00,Low,0,0
SHORTHORN EXPRESS,9167318,253595000,Cargo,Livestock Carrier,117.00,6872.00,25.00,202.00,56.00,107.00,0.00,2.00,32.00,42.00,63.00,High,1,0
BAHIJAH,9360788,538007603,Cargo,Livestock Carrier,136.00,12892.00,13.00,299.00,53.00,13.00,0.00,0.00,29.00,44.00,100.00,Low,0,0
BSV SPANIA,5100049,264900207,ServiceVessel,Tug,36.00,312.00,66.00,1.00,76.00,0.00,288.00,0.00,24.00,76.00,131.00,Low,0,0
CANAL SERVICES 5,6907169,264900236,ServiceVessel,Tug,29.00,154.00,55.00,1.00,297.00,0.00,67.00,31.00,1.00,5000.00,186.00,Low,0,0
VYKTORY,6925446,272640000,ServiceVessel,Tug,26.00,151.00,54.00,82.00,47.00,0.00,236.00,21.00,26.00,43.00,2.00,Low,0,0
CHRISTOS XXIV,7041625,370901000,ServiceVessel,Tug,49.00,859.00,52.00,181.00,181.00,0.00,3.00,0.00,20.00,216.00,26.00,Low,0,0
GEA,7129271,272780000,ServiceVessel,Tug,27.00,158.00,51.00,14.00,76.00,0.00,275.00,0.00,12.00,153.00,1.00,Low,0,0
LION,7351068,613040000,ServiceVessel,Tug,37.00,349.00,49.00,265.00,16.00,0.00,84.00,19.00,8.00,49.00,16.00,Low,0,0
CHRISTOS LXI,7351070,370955000,ServiceVessel,Tug,47.00,638.00,49.00,125.00,224.00,0.00,16.00,0.00,24.00,225.00,15.00,Low,0,0
PIEMONTE,7427556,247176800,ServiceVessel,Tug,31.00,227.00,47.00,163.00,163.00,0.00,39.00,1.00,50.00,77.00,24.00,Low,0,0
BAS VIKING,7531333,511100776,ServiceVessel,Tug,31.00,238.00,46.00,281.00,66.00,0.00,18.00,4.00,12.00,133.00,17.00,Low,0,0
AYAZBEY,7531670,271010112,ServiceVessel,Tug,36.00,295.00,41.00,180.00,182.00,0.00,3.00,1.00,49.00,89.00,13.00,Low,0,0
HOROZ,7610830,351235000,ServiceVessel,Tug,26.00,129.00,45.00,209.00,143.00,0.00,13.00,2.00,12.00,287.00,11.00,Low,0,0
DOBROSLAV,7619989,272153300,ServiceVessel,Tug,29.00,195.00,52.00,37.00,23.00,0.00,305.00,231.00,19.00,29.00,1.00,Low,0,0
LAINICI,7642027,264162064,ServiceVessel,Tug,29.00,195.00,47.00,3.00,235.00,0.00,127.00,19.00,23.00,245.00,0.50,Low,0,0
CANAL SERVICES 15,7711050,264900240,ServiceVessel,Tug,40.00,499.00,44.00,0.00,327.00,0.00,38.00,0.00,7.00,699.00,2.00,Low,0,0
BSV SCOTIA,7800021,264900261,ServiceVessel,Tug,28.00,207.00,44.00,0.00,347.00,0.00,18.00,0.00,3.00,350.00,0.90,Low,0,0
CHRISTOS XXXIV,7907415,376717000,ServiceVessel,Tug,37.00,435.00,42.00,170.00,194.00,0.00,1.00,0.00,34.00,137.00,21.00,Low,0,0
BERSERK,8015489,214181917,ServiceVessel,Tug,34.00,199.00,42.00,136.00,14.00,0.00,215.00,7.00,1.00,340.00,2.00,Low,0,0
ALEXANDRIA 1,8037853,264900197,ServiceVessel,Tug,36.00,354.00,42.00,2.00,324.00,0.00,39.00,0.00,18.00,383.00,2.00,Low,0,0
GHEORGHIENI 2,8037932,264162048,ServiceVessel,Tug,29.00,181.00,43.00,4.00,349.00,0.00,12.00,0.00,32.00,261.00,366.00,Low,0,0
CANAL SERVICES 19,8116685,264900396,ServiceVessel,Tug,28.00,218.00,41.00,2.00,264.00,0.00,99.00,0.00,19.00,320.00,2.00,Low,0,0
WESTGARTH,8303642,636017595,ServiceVessel,Tug,32.00,266.00,40.00,8.00,199.00,0.00,158.00,0.00,47.00,94.00,2.00,Low,0,0
SEA LORD,8325119,511100783,ServiceVessel,Tug,41.00,487.00,29.00,335.00,25.00,0.00,5.00,1.00,13.00,46.00,20.00,Low,0,0
MV RISHI XIII,8332069,704643072,ServiceVessel,Tug,25.00,154.00,60.00,1.00,333.00,0.00,31.00,0.00,14.00,514.00,2.00,Low,0,0
GALATI 3,8523319,264162047,ServiceVessel,Tug,36.00,389.00,39.00,15.00,343.00,0.00,7.00,0.00,36.00,206.00,2.00,Low,0,0
ZIMBRUL 2,8523369,264900249,ServiceVessel,Tug,35.00,481.00,39.00,0.00,313.00,0.00,52.00,0.00,7.00,1.00,0.50,Low,0,0
MARAL,8685923,273360450,ServiceVessel,Tug,52.00,841.00,38.00,171.00,61.00,0.00,133.00,23.00,29.00,50.00,12.00,Low,0,0
YAK,8685935,273366090,ServiceVessel,Tug,51.00,841.00,38.00,98.00,60.00,0.00,207.00,35.00,32.00,45.00,7.00,Low,0,0
BSV PORTUGALIA,8714255,264900333,ServiceVessel,Tug,33.00,429.00,35.00,4.00,353.00,0.00,8.00,0.00,17.00,413.00,2.00,Low,0,0
SAPFIR,8728531,272256000,ServiceVessel,Tug,59.00,1178.00,35.00,20.00,135.00,0.00,210.00,44.00,11.00,295.00,1.00,Low,0,0
AVANT,8831596,272528000,ServiceVessel,Tug,28.00,124.00,33.00,287.00,72.00,0.00,6.00,2.00,41.00,42.00,2.00,Low,0,0
TAHITI,8844531,272982000,ServiceVessel,Tug,31.00,263.00,33.00,240.00,111.00,0.00,14.00,3.00,71.00,38.00,5.00,Low,0,0
PERSEUS,8860925,264900021,ServiceVessel,Tug,69.00,2388.00,33.00,219.00,139.00,0.00,7.00,0.00,8.00,418.00,0.40,Low,0,0
ZIMBRUL 3,8861228,264900043,ServiceVessel,Tug,35.00,464.00,37.00,1.00,112.00,0.00,252.00,0.00,18.00,150.00,0.80,Low,0,0
ZIMBRU 4,8861230,264900044,ServiceVessel,Tug,35.00,464.00,37.00,2.00,125.00,0.00,238.00,0.00,24.00,126.00,1.00,Low,0,0
GALATI 4,8861307,264900046,ServiceVessel,Tug,36.00,333.00,35.00,0.00,261.00,0.00,104.00,0.00,2.00,3.00,0.40,Low,0,0
TORNADO,8897526,272593000,ServiceVessel,Tug,34.00,331.00,28.00,271.00,94.00,0.00,0.00,0.00,31.00,73.00,2.00,Low,0,0
BSV FRANTA,8919178,264900332,ServiceVessel,Tug,31.00,364.00,33.00,2.00,348.00,0.00,15.00,0.00,3.00,2000.00,1.00,Low,0,0
GERMES,8920945,273359640,ServiceVessel,Tug,28.00,220.00,33.00,83.00,55.00,0.00,227.00,1.00,22.00,58.00,7.00,Low,0,0
PLUTON,8927333,272499000,ServiceVessel,Tug,36.00,278.00,43.00,91.00,99.00,0.00,175.00,0.00,20.00,119.00,1.00,Low,0,0
COREMAR 16,8969214,264900134,ServiceVessel,Tug,23.00,112.00,43.00,18.00,337.00,0.00,10.00,0.00,98.00,82.00,4.00,Low,0,0
AG1,8969226,264163452,ServiceVessel,Tug,23.00,111.00,43.00,91.00,66.00,0.00,208.00,20.00,20.00,79.00,3.00,Low,0,0
CANAL SERVICES 20,9015826,264900411,ServiceVessel,Tug,25.00,188.00,32.00,1.00,333.00,0.00,31.00,0.00,14.00,514.00,2.00,Low,0,0
ALEXANDRU2,9017331,264900361,ServiceVessel,Tug,28.00,220.00,32.00,2.00,324.00,0.00,39.00,0.00,31.00,246.00,0.60,Low,0,0
CANAL SERVICES 9,9043184,264900201,ServiceVessel,Tug,30.00,188.00,31.00,3.00,287.00,0.00,75.00,0.00,39.00,170.00,1.00,Low,0,0
NAUTILUS IC,9059858,214182696,ServiceVessel,Tug,26.00,298.00,31.00,187.00,78.00,0.00,100.00,10.00,34.00,55.00,7.00,Low,0,0
OLLAN,9064360,341779000,ServiceVessel,Tug,29.00,219.00,31.00,57.00,29.00,0.00,279.00,14.00,11.00,62.00,4.00,Low,0,0
ATHLETIC,9109237,613370000,ServiceVessel,Tug,38.00,441.00,29.00,329.00,0.00,0.00,36.00,10.00,0.00,0.00,3.00,Low,0,0
MULTRATUG 25,9133886,264900400,ServiceVessel,Tug,24.00,129.00,28.00,3.00,328.00,0.00,34.00,0.00,16.00,485.00,0.70,Low,0,0
BSV RUSIA,9235036,264900253,ServiceVessel,Tug,36.00,333.00,23.00,1.00,307.00,0.00,57.00,0.00,21.00,341.00,0.50,Low,0,0
CARLO MAGNO,9341251,247153600,ServiceVessel,Tug,55.00,1658.00,17.00,171.00,190.00,0.00,4.00,1.00,37.00,123.00,16.00,Low,0,0
BUCURESTI,9412191,264900303,ServiceVessel,Tug,26.00,186.00,16.00,10.00,318.00,0.00,37.00,12.00,144.00,51.00,2.00,Low,0,0
ASTANA,9414204,264900302,ServiceVessel,Tug,26.00,186.00,17.00,8.00,305.00,0.00,52.00,5.00,115.00,62.00,1.00,Low,0,0
GEPARD,9486790,272566000,ServiceVessel,Tug,30.00,234.00,15.00,271.00,94.00,0.00,0.00,0.00,25.00,90.00,5.00,Low,0,0
SEA BRAVO,9487029,244468000,ServiceVessel,Tug,32.00,327.00,15.00,237.00,128.00,0.00,0.00,0.00,42.00,73.00,21.00,Low,0,0
FELIX,9517874,255801890,ServiceVessel,Tug,32.00,362.00,14.00,137.00,58.00,0.00,170.00,3.00,33.00,42.00,2.00,Low,0,0
OCTOPUS,9518634,677038800,ServiceVessel,Tug,32.00,362.00,14.00,294.00,35.00,0.00,36.00,1.00,2.00,423.00,0.80,Low,0,0
BULAT,9568536,272106900,ServiceVessel,Tug,23.00,217.00,14.00,4.00,126.00,0.00,235.00,1.00,15.00,201.00,0.70,Low,0,0
ODIN,9572824,245307000,ServiceVessel,Tug,30.00,341.00,13.00,183.00,167.00,0.00,15.00,0.00,104.00,38.00,9.00,Low,0,0
FOTEINI Z,9593232,241500000,ServiceVessel,Tug,38.00,495.00,12.00,73.00,283.00,0.00,9.00,0.00,259.00,26.00,9.00,Low,0,0
ST ELMO,9594999,256607000,ServiceVessel,Tug,30.00,455.00,12.00,68.00,285.00,0.00,12.00,0.00,198.00,32.00,9.00,Low,0,0
NIBULON 3,9636149,272666000,ServiceVessel,Tug,37.00,382.00,11.00,76.00,48.00,0.00,241.00,237.00,25.00,44.00,3.00,Low,0,0
MULTRATUG 26,9667863,244790985,ServiceVessel,Tug,29.00,294.00,10.00,19.00,346.00,0.00,0.00,0.00,228.00,36.00,5.00,Low,0,0
ISA,9688879,244630644,ServiceVessel,Tug,32.00,327.00,6.00,212.00,153.00,0.00,0.00,0.00,85.00,43.00,22.00,Low,0,0
FARUL,9817781,264900340,ServiceVessel,Tug,28.00,293.00,5.00,13.00,352.00,0.00,0.00,0.00,40.00,211.00,2.00,Low,0,0
ARIEL,9879557,511100862,ServiceVessel,Tug,30.00,394.00,4.00,28.00,148.00,0.00,189.00,13.00,6.00,389.00,0.80,Low,0,0
SULINA 2,9898931,264900430,ServiceVessel,Tug,30.00,499.00,2.00,7.00,358.00,0.00,0.00,0.00,39.00,173.00,0.80,Low,0,0
COVURLUI,9898943,264900435,ServiceVessel,Tug,30.00,499.00,2.00,345.00,2.00,0.00,18.00,0.00,1.00,40.00,0.50,Low,0,0
ELBRUS,9206671,613670000,Tanker,Crude Oil Tanker,246.00,63051.00,22.00,191.00,6.00,135.00,33.00,5.00,3.00,48.00,35.00,Moderate,1,0
SANAR-7,9211999,273615700,Tanker,Crude Oil Tanker,249.00,62569.00,23.00,12.00,15.00,175.00,163.00,0.00,1.00,370.00,0.60,Low,0,0
NEW LEGEND,9230505,636017774,Tanker,Crude Oil Tanker,274.00,81270.00,21.00,85.00,12.00,268.00,0.00,0.00,9.00,33.00,18.00,Low,0,0
ALMA,9235892,636021543,Tanker,Crude Oil Tanker,252.00,64259.00,20.00,205.00,36.00,111.00,13.00,11.00,25.00,33.00,51.00,Low,0,0
KRITI DIAMOND,9249075,636018521,Tanker,Crude Oil Tanker,281.00,84315.00,19.00,181.00,55.00,127.00,2.00,1.00,10.00,131.00,41.00,Low,0,0
NEVSKIY PROSPECT,9256054,636011640,Tanker,Crude Oil Tanker,250.00,62586.00,20.00,189.00,26.00,141.00,9.00,0.00,19.00,32.00,54.00,Low,0,0
LIGOVSKY PROSPECT,9256066,636011641,Tanker,Crude Oil Tanker,250.00,62586.00,20.00,197.00,29.00,139.00,0.00,0.00,24.00,28.00,58.00,Low,0,0
TRIDENT HOPE,9271377,357044000,Tanker,Crude Oil Tanker,241.00,56365.00,20.00,177.00,49.00,138.00,1.00,0.00,33.00,34.00,40.00,Low,0,0
NEW TRUST,9274812,636020815,Tanker,Crude Oil Tanker,275.00,82647.00,19.00,129.00,64.00,165.00,7.00,3.00,18.00,83.00,28.00,Low,0,0
MINERVA LISA,9276597,240235000,Tanker,Crude Oil Tanker,244.00,58156.00,19.00,133.00,40.00,153.00,39.00,1.00,20.00,35.00,31.00,Low,0,0
DELTA PIONEER,9288693,240244000,Tanker,Crude Oil Tanker,250.00,62320.00,19.00,174.00,38.00,152.00,1.00,0.00,21.00,0.00,44.00,Low,0,0
SEABORN,9288746,215781000,Tanker,Crude Oil Tanker,244.00,57296.00,18.00,210.00,57.00,95.00,3.00,0.00,23.00,57.00,56.00,Low,0,0
SEAOATH,9290361,215810000,Tanker,Crude Oil Tanker,244.00,57162.00,18.00,193.00,47.00,103.00,22.00,0.00,21.00,48.00,50.00,Low,0,0
LEOPARD I,9293117,636021745,Tanker,Crude Oil Tanker,274.00,81076.00,18.00,231.00,18.00,108.00,8.00,8.00,15.00,27.00,56.00,Low,0,0
MINERVA CLARA,9297333,240480000,Tanker,Crude Oil Tanker,244.00,58156.00,17.00,205.00,48.00,109.00,3.00,0.00,24.00,45.00,52.00,Low,0,0
BONITA,9297541,538009978,Tanker,Crude Oil Tanker,246.00,57711.00,17.00,229.00,52.00,47.00,37.00,17.00,29.00,42.00,61.00,Low,0,0
CANGJIE,9299680,636012381,Tanker,Crude Oil Tanker,244.00,57248.00,18.00,213.00,30.00,117.00,5.00,1.00,20.00,33.00,52.00,Low,0,0
NS CONCORD,9299692,636012382,Tanker,Crude Oil Tanker,244.00,57248.00,18.00,239.00,45.00,64.00,17.00,10.00,26.00,34.00,63.00,Low,0,0
SEALOYALTY,9302970,229740000,Tanker,Crude Oil Tanker,243.00,56146.00,18.00,149.00,119.00,73.00,24.00,23.00,24.00,113.00,38.00,Moderate,1,0
MINERVA DOXA,9304617,240653000,Tanker,Crude Oil Tanker,277.00,83722.00,16.00,211.00,61.00,84.00,9.00,5.00,11.00,130.00,54.00,Low,0,0
SEAMASTER IV,9304825,229719000,Tanker,Crude Oil Tanker,243.00,60208.00,17.00,164.00,51.00,104.00,46.00,3.00,29.00,42.00,39.00,Moderate,1,0
SEAVOYAGER,9318096,256439000,Tanker,Crude Oil Tanker,274.00,81339.00,16.00,225.00,35.00,70.00,35.00,0.00,12.00,55.00,56.00,Low,0,0
NORDBAY,9319870,255806172,Tanker,Crude Oil Tanker,249.00,62241.00,16.00,185.00,61.00,119.00,0.00,0.00,108.00,13.00,50.00,Low,0,0
AGNETA PALLAS 2,9321689,636022383,Tanker,Crude Oil Tanker,245.00,61653.00,16.00,199.00,77.00,76.00,13.00,1.00,32.00,56.00,52.00,Low,0,0
EMILY S,9321847,352001452,Tanker,Crude Oil Tanker,244.00,59158.00,17.00,207.00,28.00,121.00,9.00,5.00,19.00,33.00,48.00,Low,0,0
SAMRAAALKHALEEJ,9331141,642122021,Tanker,Crude Oil Tanker,249.00,61348.00,17.00,236.00,25.00,89.00,15.00,2.00,13.00,43.00,52.00,Low,0,0
MARS SUN,9332781,636016505,Tanker,Crude Oil Tanker,244.00,59158.00,17.00,190.00,92.00,83.00,0.00,0.00,33.00,65.00,49.00,Low,0,0
DUGI OTOK,9334727,238250000,Tanker,Crude Oil Tanker,247.00,59315.00,15.00,190.00,45.00,120.00,10.00,7.00,27.00,39.00,48.00,Low,0,0
AEGEAN HARMONY,9338917,240633000,Tanker,Crude Oil Tanker,249.00,61473.00,16.00,242.00,60.00,60.00,3.00,1.00,16.00,77.00,54.00,Low,0,0
AEGEAN NOBILITY,9345441,240657000,Tanker,Crude Oil Tanker,249.00,61473.00,16.00,142.00,47.00,159.00,17.00,5.00,21.00,48.00,28.00,Low,0,0
NEW AMORGOS,9370836,371458000,Tanker,Crude Oil Tanker,244.00,60195.00,15.00,133.00,40.00,153.00,39.00,1.00,20.00,35.00,31.00,Low,0,0
MONTEREY,9377779,636021731,Tanker,Crude Oil Tanker,244.00,58418.00,16.00,203.00,48.00,86.00,28.00,0.00,30.00,38.00,50.00,Low,0,0
SOUSTA,9384992,538009869,Tanker,Crude Oil Tanker,240.00,57462.00,16.00,176.00,50.00,139.00,0.00,0.00,20.00,58.00,42.00,Low,0,0
ACE,9389679,538003233,Tanker,Crude Oil Tanker,250.00,62775.00,15.00,123.00,67.00,167.00,8.00,1.00,28.00,57.00,32.00,Low,0,0
SELIGER,9402263,636019167,Tanker,Crude Oil Tanker,244.00,59258.00,14.00,193.00,47.00,103.00,22.00,0.00,21.00,48.00,50.00,Low,0,0
SEAMUSIC,9407445,249746000,Tanker,Crude Oil Tanker,250.00,62775.00,14.00,223.00,44.00,97.00,1.00,0.00,26.00,35.00,56.00,Low,0,0
MATILDA,9407457,249747000,Tanker,Crude Oil Tanker,250.00,62775.00,14.00,221.00,54.00,85.00,5.00,0.00,24.00,42.00,57.00,Low,0,0
CE-BERMUDA,9411226,538008331,Tanker,Crude Oil Tanker,274.00,81384.00,14.00,200.00,28.00,112.00,25.00,11.00,16.00,38.00,51.00,Low,0,0
ALATAU,9416551,538004518,Tanker,Crude Oil Tanker,250.00,61248.00,14.00,156.00,43.00,164.00,2.00,0.00,20.00,30.00,37.00,Low,0,0
VALFOGLIA,9417309,215068000,Tanker,Crude Oil Tanker,243.00,60185.00,14.00,194.00,55.00,102.00,14.00,11.00,57.00,21.00,50.00,Low,0,0
VALLESINA,9417311,215065000,Tanker,Crude Oil Tanker,243.00,60185.00,14.00,212.00,53.00,86.00,14.00,11.00,44.00,27.00,55.00,Low,0,0
AMAX ARROW,9419448,538006202,Tanker,Crude Oil Tanker,250.00,61341.00,14.00,140.00,71.00,145.00,9.00,3.00,36.00,46.00,33.00,Low,0,0
AMAX AVENUE,9419450,538006203,Tanker,Crude Oil Tanker,249.00,61341.00,13.00,227.00,56.00,82.00,0.00,0.00,32.00,41.00,58.00,Low,0,0
SILVER,9420617,248821000,Tanker,Crude Oil Tanker,244.00,60379.00,13.00,169.00,38.00,153.00,5.00,5.00,38.00,24.00,45.00,Low,0,0
SEA VALIANT,9420629,538009850,Tanker,Crude Oil Tanker,244.00,60379.00,13.00,193.00,42.00,122.00,8.00,7.00,29.00,32.00,53.00,Low,0,0
IRIDESCENT,9436018,636017796,Tanker,Crude Oil Tanker,250.00,62775.00,14.00,219.00,34.00,110.00,2.00,0.00,16.00,38.00,60.00,Low,0,0
CRUDE CENTURION,9436020,538003868,Tanker,Crude Oil Tanker,250.00,62775.00,13.00,127.00,60.00,176.00,2.00,1.00,31.00,44.00,61.00,Low,0,0
ALTAI,9446427,538004508,Tanker,Crude Oil Tanker,249.00,61248.00,12.00,146.00,48.00,165.00,6.00,3.00,20.00,37.00,36.00,Low,0,0
DECATHLON,9462926,538004487,Tanker,Crude Oil Tanker,274.00,81493.00,11.00,207.00,131.00,27.00,0.00,2.00,19.00,103.00,58.00,Low,0,0
SEALEO,9473066,256721000,Tanker,Crude Oil Tanker,244.00,60205.00,11.00,161.00,57.00,111.00,36.00,0.00,34.00,40.00,41.00,Low,0,0
MOUNT FUJI,9509011,636014252,Tanker,Crude Oil Tanker,274.00,85362.00,13.00,178.00,23.00,160.00,4.00,2.00,8.00,55.00,44.00,Low,0,0
FJORD SEAL,9513139,352001925,Tanker,Crude Oil Tanker,274.00,83850.00,12.00,181.00,24.00,105.00,55.00,48.00,8.00,66.00,38.00,High,1,0
SAGA,9528031,248964000,Tanker,Crude Oil Tanker,249.00,61332.00,12.00,214.00,34.00,106.00,11.00,7.00,17.00,42.00,55.00,Low,0,0
VILAMOURA,9529293,538010255,Tanker,Crude Oil Tanker,274.00,81380.00,12.00,228.00,23.00,110.00,4.00,5.00,9.00,31.00,53.00,Low,0,0
PETALIDI,9529475,636021735,Tanker,Crude Oil Tanker,274.00,81380.00,11.00,227.00,62.00,74.00,2.00,2.00,17.00,80.00,59.00,Low,0,0
LIPARI,9529487,636021781,Tanker,Crude Oil Tanker,274.00,81380.00,11.00,169.00,51.00,106.00,39.00,11.00,28.00,42.00,2.00,Low,0,0
BORDEIRA,9529499,229336000,Tanker,Crude Oil Tanker,274.00,81380.00,10.00,171.00,26.00,163.00,5.00,3.00,13.00,46.00,44.00,Low,0,0
KIMOLOS WARRIOR,9530917,241243000,Tanker,Crude Oil Tanker,274.00,81833.00,10.00,229.00,36.00,91.00,9.00,0.00,13.00,40.00,62.00,Moderate,1,0
PSERIMOS,9578658,538008328,Tanker,Crude Oil Tanker,274.00,81509.00,12.00,194.00,47.00,109.00,15.00,12.00,20.00,51.00,48.00,Low,0,0
MINERVA KYTHNOS,9592252,241132000,Tanker,Crude Oil Tanker,249.00,61242.00,12.00,215.00,30.00,116.00,4.00,3.00,23.00,29.00,55.00,Low,0,0
NISSOS SERIFOS,9592264,538010371,Tanker,Crude Oil Tanker,249.00,61242.00,11.00,183.00,60.00,101.00,21.00,2.00,24.00,57.00,47.00,Low,0,0
INDIGO SUN,9592288,636018113,Tanker,Crude Oil Tanker,249.00,61320.00,11.00,179.00,76.00,98.00,12.00,11.00,27.00,68.00,43.00,Low,0,0
POLIEGOS,9746621,538007797,Tanker,Crude Oil Tanker,274.00,81542.00,6.00,218.00,26.00,96.00,25.00,0.00,13.00,45.00,62.00,Low,0,0
BALLA,9749556,636021796,Tanker,Crude Oil Tanker,250.00,62350.00,6.00,173.00,46.00,126.00,20.00,0.00,17.00,65.00,42.00,Low,0,0
RS AURORA,9765378,538006650,Tanker,Crude Oil Tanker,274.00,82361.00,6.00,248.00,48.00,69.00,0.00,0.00,19.00,52.00,66.00,Low,0,0
MATALA,9776743,249862000,Tanker,Crude Oil Tanker,279.00,82648.00,6.00,252.00,36.00,65.00,12.00,0.00,17.00,50.00,63.00,Low,0,0
RYMAN,9777931,636021729,Tanker,Crude Oil Tanker,250.00,61000.00,6.00,194.00,84.00,87.00,0.00,1.00,24.00,82.00,48.00,Low,0,0
ADVANTAGE ANGEL,9779953,538009821,Tanker,Crude Oil Tanker,256.00,62000.00,6.00,188.00,59.00,115.00,3.00,0.00,33.00,39.00,51.00,Low,0,0
FLAVIN,9787912,538009975,Tanker,Crude Oil Tanker,250.00,60000.00,6.00,186.00,44.00,76.00,59.00,13.00,26.00,40.00,44.00,Low,0,0
SEAVISION,9790971,248547000,Tanker,Crude Oil Tanker,274.00,84500.00,6.00,228.00,32.00,76.00,29.00,2.00,11.00,58.00,60.00,Low,0,0
PROMETHEUS ENERGY,9801988,538008157,Tanker,Crude Oil Tanker,250.00,63500.00,5.00,199.00,33.00,112.00,21.00,13.00,17.00,38.00,45.00,Low,0,0
IONIC ANAX,9802152,538007411,Tanker,Crude Oil Tanker,250.00,62000.00,6.00,232.00,44.00,77.00,12.00,0.00,22.00,39.00,61.00,Low,0,0
NEW VISION,9804459,538007374,Tanker,Crude Oil Tanker,276.00,82077.00,6.00,185.00,38.00,137.00,5.00,3.00,19.00,40.00,45.00,Low,0,0
GREEN AURA,9808168,636018799,Tanker,Crude Oil Tanker,250.00,63000.00,5.00,197.00,60.00,75.00,33.00,3.00,27.00,47.00,55.00,Low,0,0
ENERGY TRIUMPH,9817614,232012788,Tanker,Crude Oil Tanker,277.00,84500.00,5.00,249.00,38.00,76.00,2.00,1.00,17.00,49.00,67.00,Low,0,0
ELANDRA OSPREY,9817626,636019117,Tanker,Crude Oil Tanker,277.00,84500.00,5.00,160.00,95.00,108.00,2.00,0.00,22.00,103.00,45.00,Low,0,0
SEAVELVET,9843211,215514000,Tanker,Crude Oil Tanker,237.00,60435.00,3.00,196.00,43.00,110.00,16.00,14.00,22.00,43.00,47.00,Low,0,0
GLORIA MARIS,9899997,636020739,Tanker,Crude Oil Tanker,274.00,82891.00,2.00,212.00,29.00,93.00,31.00,20.00,14.00,33.00,61.00,Low,0,0
BOREAS LPG,8521488,620222000,Tanker,LPG Tanker,93.00,1621.00,38.00,62.00,89.00,183.00,31.00,0.00,19.00,94.00,8.00,Low,0,0
EFTYXIA GAS,8813116,636017734,Tanker,LPG Tanker,158.00,11822.00,32.00,90.00,76.00,186.00,13.00,6.00,30.00,60.00,23.00,Low,0,0
STAR PRIME,9031973,620122000,Tanker,LPG Tanker,101.00,3096.00,30.00,64.00,82.00,196.00,23.00,2.00,24.00,77.00,12.00,Low,0,0
PREMIER,9040170,620635000,Tanker,LPG Tanker,99.00,3733.00,30.00,86.00,120.00,129.00,30.00,3.00,50.00,57.00,24.00,Low,0,0
SUMMER,9040883,577487000,Tanker,LPG Tanker,113.00,4822.00,30.00,101.00,101.00,139.00,24.00,4.00,45.00,52.00,25.00,Low,0,0
MONET,9128685,620999014,Tanker,LPG Tanker,96.00,2926.00,28.00,53.00,215.00,44.00,53.00,53.00,23.00,224.00,11.00,Moderate,1,0
GAS SHADOW,9129392,630001008,Tanker,LPG Tanker,97.00,4054.00,27.00,88.00,34.00,228.00,15.00,13.00,27.00,30.00,20.00,High,1,0
N ORHAN,9130456,511100855,Tanker,LPG Tanker,115.00,4924.00,27.00,94.00,33.00,237.00,1.00,3.00,39.00,21.00,16.00,High,1,0
SEAGAS MAJOR,9135793,636016188,Tanker,LPG Tanker,99.00,4201.00,24.00,144.00,70.00,137.00,14.00,1.00,33.00,51.00,33.00,Low,0,0
GAS MILANO,9151149,538007565,Tanker,LPG Tanker,99.00,4402.00,26.00,117.00,19.00,185.00,44.00,15.00,10.00,45.00,26.00,Low,0,0
SANMAR REGENT,9173068,419001709,Tanker,LPG Tanker,146.00,10692.00,24.00,167.00,63.00,133.00,2.00,0.00,31.00,49.00,55.00,Low,0,0
SIGMAGAS,9183568,304413000,Tanker,LPG Tanker,119.00,6051.00,25.00,154.00,84.00,127.00,0.00,0.00,36.00,56.00,42.00,Low,0,0
KUZGUNCUK,9235842,271000882,Tanker,LPG Tanker,100.00,5255.00,22.00,136.00,143.00,81.00,5.00,0.00,102.00,34.00,38.00,Low,0,0
GAZ REDSEA,9264192,353130000,Tanker,LPG Tanker,120.00,6694.00,21.00,171.00,81.00,109.00,4.00,0.00,40.00,48.00,43.00,Low,0,0
GAZ FIDELITY,9267974,352525000,Tanker,LPG Tanker,120.00,6502.00,21.00,167.00,83.00,111.00,4.00,2.00,47.00,42.00,38.00,Low,0,0
GASCHEM SHINANO,9269271,211307550,Tanker,LPG Tanker,115.00,5945.00,16.00,182.00,95.00,81.00,7.00,0.00,44.00,52.00,47.00,Low,0,0
PASCO ODIN,9292101,352001678,Tanker,LPG Tanker,180.00,25994.00,18.00,222.00,31.00,111.00,1.00,0.00,30.00,25.00,69.00,Low,0,0
BELGRAVIA,9341897,565242000,Tanker,LPG Tanker,120.00,7218.00,17.00,158.00,25.00,140.00,42.00,25.00,13.00,46.00,24.00,Low,0,0
GAS FLAWLESS,9354222,538003870,Tanker,LPG Tanker,99.00,4779.00,16.00,210.00,66.00,76.00,13.00,1.00,62.00,25.00,55.00,Low,0,0
CLIPPER MARS,9377078,258667000,Tanker,LPG Tanker,205.00,36459.00,15.00,223.00,43.00,93.00,6.00,3.00,26.00,40.00,69.00,Low,0,0
GASCHEM RHONE,9401570,255802670,Tanker,LPG Tanker,115.00,5970.00,15.00,177.00,102.00,78.00,8.00,2.00,56.00,44.00,52.00,Low,0,0
MARYCAM SWAN,9409168,351180000,Tanker,LPG Tanker,154.00,16808.00,14.00,233.00,77.00,53.00,2.00,2.00,66.00,28.00,70.00,Low,0,0
GAS GROUPER,9445954,538003910,Tanker,LPG Tanker,174.00,22978.00,14.00,183.00,43.00,139.00,0.00,0.00,28.00,37.00,52.00,Low,0,0
OCEANIC MOON,9447809,352002125,Tanker,LPG Tanker,174.00,22978.00,13.00,182.00,54.00,129.00,0.00,0.00,36.00,36.00,52.00,Low,0,0
OCEANIC BREEZE,9451991,352002124,Tanker,LPG Tanker,174.00,22978.00,12.00,180.00,40.00,145.00,0.00,0.00,22.00,32.00,40.00,Moderate,1,0
GAZ VENTURE,9506162,356141000,Tanker,LPG Tanker,120.00,9142.00,12.00,134.00,95.00,131.00,5.00,1.00,50.00,46.00,37.00,Low,0,0
GAS CERBERUS,9507740,636015106,Tanker,LPG Tanker,100.00,4312.00,12.00,194.00,30.00,139.00,2.00,1.00,22.00,33.00,48.00,Low,0,0
GAZ UNITED,9511650,356522000,Tanker,LPG Tanker,120.00,9142.00,12.00,119.00,107.00,115.00,24.00,1.00,50.00,51.00,31.00,Low,0,0
GAS HONOUR,9522257,351727000,Tanker,LPG Tanker,120.00,9160.00,13.00,128.00,123.00,108.00,6.00,1.00,61.00,47.00,33.00,Low,0,0
HAPPY KESTREL,9543043,219221000,Tanker,LPG Tanker,143.00,12819.00,10.00,163.00,56.00,146.00,0.00,0.00,36.00,38.00,46.00,Low,0,0
HAPPY OSPREY,9553646,219212000,Tanker,LPG Tanker,143.00,12819.00,10.00,216.00,77.00,69.00,3.00,0.00,24.00,77.00,58.00,Low,0,0
JS JAGUAR,9578024,566679000,Tanker,LPG Tanker,100.00,5036.00,11.00,184.00,61.00,82.00,38.00,5.00,61.00,24.00,48.00,Low,0,0
EPIC BEATA,9580182,215835000,Tanker,LPG Tanker,119.00,5844.00,12.00,178.00,93.00,83.00,11.00,0.00,49.00,46.00,52.00,Low,0,0
GAZ DYNAMIC,9612844,538004420,Tanker,LPG Tanker,117.00,5296.00,12.00,163.00,87.00,113.00,2.00,3.00,53.00,39.00,40.00,Low,0,0
HAPPY PELICAN,9618850,235094449,Tanker,LPG Tanker,113.00,8009.00,11.00,140.00,93.00,132.00,0.00,0.00,56.00,40.00,37.00,Low,0,0
KINGSTON,9652741,566722000,Tanker,LPG Tanker,120.00,7891.00,11.00,144.00,75.00,138.00,8.00,3.00,43.00,41.00,36.00,Low,0,0
HAPPY AVOCET,9694373,219830000,Tanker,LPG Tanker,146.00,13549.00,6.00,202.00,65.00,98.00,0.00,0.00,26.00,60.00,58.00,Low,0,0
GREMIO,9699256,373028000,Tanker,LPG Tanker,119.00,5859.00,9.00,99.00,131.00,98.00,37.00,16.00,68.00,45.00,30.00,Low,0,0
PAROS,9711511,241388000,Tanker,LPG Tanker,147.00,13794.00,8.00,91.00,37.00,195.00,42.00,37.00,18.00,46.00,26.00,Low,0,0
ECO CZAR,9719513,538006399,Tanker,LPG Tanker,100.00,4748.00,8.00,136.00,105.00,115.00,9.00,1.00,75.00,34.00,34.00,Low,0,0
CLIPPER VENUS,9731042,257665000,Tanker,LPG Tanker,199.00,37366.00,8.00,242.00,44.00,75.00,4.00,2.00,28.00,38.00,77.00,Low,0,0
EPIC BORINQUEN,9743241,565507000,Tanker,LPG Tanker,113.00,6220.00,7.00,128.00,50.00,186.00,1.00,1.00,33.00,35.00,35.00,Low,0,0
SANTOS,9774898,351221000,Tanker,LPG Tanker,119.00,5849.00,7.00,148.00,121.00,85.00,11.00,1.00,57.00,50.00,39.00,Low,0,0
ANTIKITHIRA,9788980,636020291,Tanker,LPG Tanker,147.00,25000.00,6.00,149.00,39.00,177.00,0.00,0.00,23.00,41.00,43.00,Low,0,0
NAVIGATOR JORF,9796339,636017997,Tanker,LPG Tanker,180.00,25100.00,6.00,259.00,50.00,52.00,4.00,0.00,31.00,38.00,70.00,Low,0,0
ARAL,8125454,248693000,Tanker,Oil or Chemicals Tanker,114.00,5285.00,41.00,186.00,76.00,49.00,54.00,42.00,32.00,57.00,48.00,Low,0,0
WINE TRADER,8808707,351482000,Tanker,Oil or Chemicals Tanker,118.00,4297.00,34.00,209.00,92.00,63.00,1.00,1.00,48.00,46.00,56.00,Low,0,0
ORIS SOFI,8920282,374851000,Tanker,Oil or Chemicals Tanker,102.00,3998.00,32.00,208.00,73.00,81.00,3.00,0.00,35.00,49.00,52.00,Low,0,0
EVRENYE,8920579,271045975,Tanker,Oil or Chemicals Tanker,96.00,3204.00,30.00,122.00,126.00,110.00,7.00,3.00,90.00,34.00,32.00,Low,0,0
VITIS,9000613,352099000,Tanker,Oil or Chemicals Tanker,118.00,4297.00,32.00,121.00,165.00,74.00,5.00,1.00,37.00,107.00,31.00,Low,0,0
MARMARA,9010230,256614000,Tanker,Oil or Chemicals Tanker,97.00,3335.00,27.00,109.00,141.00,102.00,13.00,0.00,78.00,44.00,28.00,Low,0,0
TIINA TOO,9031492,353161000,Tanker,Oil or Chemicals Tanker,112.00,4989.00,31.00,26.00,4.00,9.00,326.00,0.00,3.00,31.00,5.00,Moderate,1,0
KAPIDAG,9034731,271047132,Tanker,Oil or Chemicals Tanker,114.00,5499.00,30.00,177.00,118.00,64.00,6.00,1.00,64.00,44.00,38.00,Low,0,0
AYSENAZ,9034743,271044017,Tanker,Oil or Chemicals Tanker,114.00,5401.00,30.00,96.00,138.00,73.00,58.00,1.00,72.00,45.00,23.00,Low,0,0
AHMET TELLI,9035292,271044013,Tanker,Oil or Chemicals Tanker,115.00,4065.00,29.00,53.00,101.00,204.00,7.00,0.00,54.00,45.00,13.00,Low,0,0
VEYSEL VARDAL,9079303,352001336,Tanker,Oil or Chemicals Tanker,84.00,2108.00,29.00,152.00,68.00,115.00,30.00,5.00,28.00,58.00,30.00,Low,0,0
ALATEPE,9104873,271044357,Tanker,Oil or Chemicals Tanker,116.00,4450.00,28.00,159.00,74.00,98.00,34.00,1.00,61.00,29.00,36.00,Low,0,0
ILGAZ,9112882,271048807,Tanker,Oil or Chemicals Tanker,100.00,3419.00,27.00,118.00,136.00,101.00,10.00,3.00,108.00,30.00,32.00,Low,0,0
MT BANDIRMA,9120243,271049294,Tanker,Oil or Chemicals Tanker,121.00,6085.00,27.00,116.00,145.00,59.00,45.00,1.00,65.00,54.00,26.00,Low,0,0
AYSE TELLI,9122112,271046920,Tanker,Oil or Chemicals Tanker,100.00,4128.00,27.00,128.00,131.00,94.00,12.00,2.00,85.00,36.00,30.00,Low,0,0
GUNECE,9140841,271046350,Tanker,Oil or Chemicals Tanker,107.00,4425.00,25.00,101.00,144.00,120.00,0.00,0.00,91.00,38.00,25.00,Low,0,0
MERA,9148570,636021892,Tanker,Oil or Chemicals Tanker,117.00,4896.00,25.00,192.00,84.00,86.00,3.00,0.00,48.00,42.00,50.00,Moderate,1,0
INEBOLU,9164720,249732000,Tanker,Oil or Chemicals Tanker,104.00,4667.00,24.00,159.00,118.00,74.00,14.00,0.00,73.00,39.00,40.00,Low,0,0
HICRI KAAN,9171474,374989000,Tanker,Oil or Chemicals Tanker,120.00,7274.00,25.00,24.00,9.00,6.00,326.00,0.00,6.00,35.00,6.00,Low,0,0
ORIS MARINE,9179488,636021826,Tanker,Oil or Chemicals Tanker,87.00,2346.00,25.00,116.00,82.00,135.00,32.00,16.00,37.00,52.00,30.00,Low,0,0
MAZU,9190195,636022080,Tanker,Oil or Chemicals Tanker,103.00,3653.00,24.00,147.00,118.00,96.00,4.00,0.00,118.00,24.00,33.00,Low,0,0
DARMIK,9201774,271047982,Tanker,Oil or Chemicals Tanker,119.00,5006.00,23.00,193.00,99.00,71.00,2.00,0.00,81.00,29.00,47.00,Low,0,0
HIRA V,9217333,215490000,Tanker,Oil or Chemicals Tanker,114.00,4336.00,22.00,149.00,63.00,123.00,30.00,1.00,37.00,41.00,35.00,Low,0,0
FALESIA,9217890,247013600,Tanker,Oil or Chemicals Tanker,100.00,3616.00,22.00,174.00,133.00,58.00,0.00,0.00,107.00,30.00,50.00,Low,0,0
SELIN D,9221786,215872000,Tanker,Oil or Chemicals Tanker,114.00,4430.00,20.00,125.00,128.00,111.00,1.00,0.00,73.00,42.00,34.00,Low,0,0
TOMRIS E,9228588,271048139,Tanker,Oil or Chemicals Tanker,92.00,2654.00,22.00,132.00,64.00,159.00,10.00,0.00,47.00,33.00,28.00,Low,0,0
SANA,9228590,470404000,Tanker,Oil or Chemicals Tanker,92.00,2659.00,21.00,29.00,66.00,260.00,10.00,3.00,19.00,83.00,6.00,Low,0,0
BRAVE,9242730,314658000,Tanker,Oil or Chemicals Tanker,114.00,4401.00,21.00,93.00,75.00,195.00,2.00,0.00,49.00,37.00,23.00,High,1,0
ORIS DI,9245299,352001864,Tanker,Oil or Chemicals Tanker,110.00,2982.00,21.00,104.00,160.00,101.00,0.00,0.00,103.00,37.00,24.00,Low,0,0
ALESSANDRO F,9245378,247046400,Tanker,Oil or Chemicals Tanker,100.00,3616.00,22.00,144.00,121.00,91.00,9.00,3.00,86.00,33.00,41.00,Low,0,0
COSMO,9251755,247079700,Tanker,Oil or Chemicals Tanker,100.00,4412.00,20.00,202.00,106.00,39.00,18.00,0.00,59.00,43.00,52.00,Low,0,0
SCOT BAYERN,9255828,249084000,Tanker,Oil or Chemicals Tanker,117.00,5145.00,20.00,191.00,130.00,37.00,7.00,0.00,49.00,63.00,53.00,Low,0,0
ZEUGMAN,9259111,215382000,Tanker,Oil or Chemicals Tanker,109.00,3547.00,20.00,236.00,89.00,37.00,3.00,2.00,86.00,25.00,56.00,Low,0,0
PEARL-T,9264166,229895000,Tanker,Oil or Chemicals Tanker,100.00,2919.00,20.00,129.00,71.00,147.00,18.00,2.00,38.00,44.00,27.00,Low,0,0
VARUNA,9269934,538010137,Tanker,Oil or Chemicals Tanker,107.00,3981.00,19.00,98.00,119.00,136.00,12.00,1.00,67.00,35.00,19.00,Low,0,0
GUDENA,9280196,374558000,Tanker,Oil or Chemicals Tanker,96.00,2798.00,19.00,117.00,81.00,144.00,23.00,4.00,37.00,53.00,22.00,Low,0,0
TATLISU,9282364,538006581,Tanker,Oil or Chemicals Tanker,112.00,5384.00,20.00,199.00,95.00,40.00,31.00,3.00,62.00,36.00,49.00,Low,0,0
BARBAROS HAYRETTIN V,9282675,352002015,Tanker,Oil or Chemicals Tanker,105.00,3997.00,20.00,102.00,159.00,95.00,9.00,0.00,69.00,34.00,25.00,High,1,0
LIVATYA,9291444,356789000,Tanker,Oil or Chemicals Tanker,112.00,5359.00,19.00,141.00,111.00,83.00,30.00,2.00,53.00,50.00,38.00,Low,0,0
YM VENUS,9291585,215826000,Tanker,Oil or Chemicals Tanker,106.00,3906.00,18.00,199.00,103.00,62.00,1.00,1.00,65.00,38.00,52.00,Low,0,0
BARBAROS ULUC VARDAL,9291602,352001852,Tanker,Oil or Chemicals Tanker,106.00,4077.00,19.00,106.00,92.00,94.00,73.00,0.00,62.00,36.00,24.00,Moderate,1,0
YUSUF UZUN,9297149,511100850,Tanker,Oil or Chemicals Tanker,93.00,2579.00,18.00,45.00,123.00,113.00,84.00,0.00,24.00,123.00,10.00,High,1,0
NIVAR,9297163,352001898,Tanker,Oil or Chemicals Tanker,97.00,2815.00,19.00,66.00,241.00,36.00,22.00,0.00,120.00,48.00,16.00,Low,0,0
DENSA DEFNE,9297204,229922000,Tanker,Oil or Chemicals Tanker,119.00,4745.00,19.00,168.00,106.00,90.00,1.00,0.00,50.00,50.00,44.00,Low,0,0
COVADONGA,9300489,255803540,Tanker,Oil or Chemicals Tanker,119.00,4816.00,18.00,229.00,102.00,29.00,5.00,0.00,28.00,87.00,68.00,Low,0,0
ATLANTIS ANTALYA,9305350,248252000,Tanker,Oil or Chemicals Tanker,88.00,2314.00,19.00,147.00,127.00,85.00,6.00,3.00,93.00,33.00,35.00,Low,0,0
ADIYAMAN,9305453,271050683,Tanker,Oil or Chemicals Tanker,96.00,2890.00,18.00,160.00,92.00,90.00,23.00,3.00,68.00,32.00,35.00,Low,0,0
SEAVEN PRIDE,9310393,241799000,Tanker,Oil or Chemicals Tanker,105.00,4077.00,18.00,195.00,103.00,67.00,0.00,0.00,103.00,244.00,31.00,Low,0,0
FOYLE,9317676,215584000,Tanker,Oil or Chemicals Tanker,100.00,3171.00,18.00,168.00,100.00,85.00,12.00,2.00,93.00,26.00,41.00,Low,0,0
YM EARTH,9322633,215937000,Tanker,Oil or Chemicals Tanker,106.00,4022.00,18.00,208.00,82.00,62.00,13.00,0.00,70.00,28.00,52.00,Low,0,0
ELIANA,9327310,215630000,Tanker,Oil or Chemicals Tanker,106.00,3934.00,17.00,122.00,122.00,112.00,9.00,0.00,39.00,75.00,23.00,Low,0,0
LARA S,9334301,249689000,Tanker,Oil or Chemicals Tanker,109.00,3981.00,16.00,120.00,129.00,112.00,4.00,1.00,39.00,80.00,26.00,Low,0,0
CARIBE MARIA,9337286,636017331,Tanker,Oil or Chemicals Tanker,116.00,7687.00,16.00,156.00,144.00,61.00,4.00,0.00,62.00,55.00,42.00,Low,0,0
PLEVNE,9340908,215994000,Tanker,Oil or Chemicals Tanker,116.00,7687.00,16.00,78.00,97.00,89.00,101.00,3.00,23.00,101.00,20.00,Low,0,0
USICHEM,9344344,215993000,Tanker,Oil or Chemicals Tanker,119.00,4798.00,18.00,169.00,91.00,104.00,1.00,0.00,46.00,48.00,47.00,Low,0,0
ST SARA,9356646,256177000,Tanker,Oil or Chemicals Tanker,121.00,5271.00,16.00,103.00,97.00,126.00,39.00,0.00,42.00,55.00,23.00,Low,0,0
SCOT FLENSBURG,9365269,538009892,Tanker,Oil or Chemicals Tanker,117.00,5200.00,15.00,175.00,92.00,45.00,53.00,15.00,43.00,51.00,57.00,Low,0,0
BOMAR CERES,9367231,256815000,Tanker,Oil or Chemicals Tanker,107.00,3997.00,16.00,208.00,94.00,62.00,1.00,1.00,69.00,33.00,46.00,High,1,0
BOYNE,9369928,256247000,Tanker,Oil or Chemicals Tanker,106.00,3974.00,16.00,139.00,137.00,88.00,1.00,0.00,68.00,48.00,33.00,Low,0,0
BOMAR VENUS,9374014,215135000,Tanker,Oil or Chemicals Tanker,107.00,3988.00,17.00,147.00,161.00,54.00,3.00,0.00,40.00,97.00,35.00,Low,0,0
BOMAR MARS,9377030,256784000,Tanker,Oil or Chemicals Tanker,107.00,3999.00,16.00,206.00,94.00,65.00,0.00,0.00,75.00,30.00,49.00,Low,0,0
JABRAYIL DOVLATZADEH,9383613,636021705,Tanker,Oil or Chemicals Tanker,93.00,2603.00,15.00,196.00,97.00,71.00,1.00,0.00,68.00,34.00,45.00,Low,0,0
BOMAR SEDNA,9383651,256996000,Tanker,Oil or Chemicals Tanker,101.00,5713.00,15.00,142.00,79.00,134.00,10.00,8.00,58.00,29.00,34.00,Low,0,0
DERG,9393060,249293000,Tanker,Oil or Chemicals Tanker,117.00,6764.00,15.00,146.00,101.00,98.00,20.00,3.00,56.00,41.00,33.00,Low,0,0
ALSIA SWAN,9400356,248359000,Tanker,Oil or Chemicals Tanker,106.00,4001.00,14.00,169.00,111.00,84.00,1.00,1.00,51.00,52.00,42.00,Low,0,0
ANHOUT SWAN,9401300,219473000,Tanker,Oil or Chemicals Tanker,120.00,4752.00,14.00,174.00,138.00,47.00,6.00,0.00,53.00,62.00,46.00,Low,0,0
M/T ZUGA,9405784,229171000,Tanker,Oil or Chemicals Tanker,100.00,5031.00,15.00,179.00,87.00,99.00,0.00,1.00,66.00,31.00,41.00,Low,0,0
SEAVEN VOYAGER,9405796,241575000,Tanker,Oil or Chemicals Tanker,100.00,5031.00,15.00,184.00,97.00,81.00,3.00,2.00,80.00,29.00,37.00,Low,0,0
FILYOZ,9407213,215090000,Tanker,Oil or Chemicals Tanker,105.00,4034.00,13.00,188.00,97.00,78.00,2.00,0.00,78.00,30.00,39.00,Low,0,0
HITRA,9413652,249421000,Tanker,Oil or Chemicals Tanker,108.00,3997.00,14.00,187.00,106.00,71.00,1.00,0.00,107.00,24.00,48.00,Low,0,0
MRC SEMIRAMIS,9418793,249028000,Tanker,Oil or Chemicals Tanker,107.00,3999.00,15.00,145.00,99.00,118.00,3.00,1.00,47.00,51.00,34.00,Low,0,0
ADA,9420693,538003122,Tanker,Oil or Chemicals Tanker,106.00,4021.00,15.00,146.00,90.00,108.00,21.00,9.00,60.00,36.00,39.00,Low,0,0
GLOBAL LAKE,9427469,271049800,Tanker,Oil or Chemicals Tanker,112.00,4030.00,6.00,177.00,101.00,72.00,15.00,3.00,79.00,31.00,39.00,Low,0,0
GOGLAND,9430210,511100842,Tanker,Oil or Chemicals Tanker,92.00,3470.00,12.00,83.00,132.00,115.00,35.00,1.00,22.00,144.00,16.00,Low,0,0
EMEK S,9433561,249475000,Tanker,Oil or Chemicals Tanker,120.00,4816.00,15.00,191.00,94.00,72.00,8.00,0.00,57.00,40.00,48.00,Low,0,0
LEON,9435844,249733000,Tanker,Oil or Chemicals Tanker,95.00,2997.00,16.00,105.00,107.00,119.00,34.00,4.00,85.00,30.00,15.00,Low,0,0
GURONI,9438248,248475000,Tanker,Oil or Chemicals Tanker,118.00,6190.00,13.00,218.00,71.00,68.00,8.00,7.00,41.00,42.00,51.00,Moderate,1,0
MRC EMIRHAN,9444936,249567000,Tanker,Oil or Chemicals Tanker,107.00,3999.00,15.00,176.00,82.00,97.00,10.00,0.00,58.00,34.00,44.00,Low,0,0
FT NERVI,9447299,215481000,Tanker,Oil or Chemicals Tanker,120.00,5110.00,14.00,141.00,114.00,110.00,0.00,0.00,49.00,56.00,33.00,Low,0,0
PORTOLA,9449443,538003828,Tanker,Oil or Chemicals Tanker,120.00,8278.00,13.00,177.00,96.00,92.00,0.00,0.00,63.00,36.00,43.00,Low,0,0
DELTA SEA,9452268,215013000,Tanker,Oil or Chemicals Tanker,100.00,5031.00,13.00,161.00,90.00,114.00,0.00,0.00,89.00,24.00,36.00,Low,0,0
YM URANUS,9452763,249462000,Tanker,Oil or Chemicals Tanker,120.00,4829.00,15.00,215.00,96.00,52.00,2.00,0.00,68.00,34.00,55.00,Low,0,0
YM MERCURY,9452775,248507000,Tanker,Oil or Chemicals Tanker,109.00,4242.00,13.00,170.00,105.00,80.00,10.00,0.00,76.00,33.00,44.00,Low,0,0
YM NEPTUNE,9464106,249813000,Tanker,Oil or Chemicals Tanker,120.00,4829.00,14.00,198.00,113.00,52.00,2.00,0.00,64.00,42.00,49.00,Low,0,0
YM PLUTO,9464118,249957000,Tanker,Oil or Chemicals Tanker,120.00,4829.00,14.00,212.00,97.00,56.00,0.00,0.00,71.00,33.00,51.00,Low,0,0
SEAVEN HOPE,9466946,241750000,Tanker,Oil or Chemicals Tanker,106.00,3576.00,13.00,147.00,121.00,92.00,5.00,5.00,168.00,17.00,32.00,Low,0,0
CIMIL,9487378,215909000,Tanker,Oil or Chemicals Tanker,100.00,3308.00,13.00,170.00,98.00,95.00,2.00,2.00,87.00,27.00,37.00,Low,0,0
MT ALAND,9487380,249581000,Tanker,Oil or Chemicals Tanker,100.00,3308.00,10.00,178.00,97.00,86.00,4.00,0.00,77.00,30.00,34.00,Low,0,0
CANSU Y,9502673,538010346,Tanker,Oil or Chemicals Tanker,93.00,2607.00,14.00,183.00,101.00,81.00,0.00,0.00,50.00,49.00,37.00,Low,0,0
ATLANTIS ANDAMAN,9508079,249701000,Tanker,Oil or Chemicals Tanker,109.00,4263.00,14.00,154.00,83.00,123.00,5.00,4.00,56.00,36.00,38.00,Low,0,0
ATLANTIS ALMERIA,9508093,248483000,Tanker,Oil or Chemicals Tanker,109.00,4263.00,13.00,116.00,88.00,153.00,8.00,2.00,48.00,44.00,30.00,Low,0,0
MONJASA SHAKER,9510591,636020734,Tanker,Oil or Chemicals Tanker,118.00,6153.00,14.00,141.00,89.00,86.00,49.00,44.00,63.00,34.00,32.00,Low,0,0
ATA OCEAN,9519614,229795000,Tanker,Oil or Chemicals Tanker,119.00,4765.00,13.00,154.00,115.00,94.00,2.00,0.00,96.00,29.00,37.00,Moderate,1,0
UMAR 1,9521411,248751000,Tanker,Oil or Chemicals Tanker,97.00,3280.00,13.00,149.00,99.00,108.00,9.00,1.00,71.00,33.00,35.00,Low,0,0
GAZELA,9525572,212878000,Tanker,Oil or Chemicals Tanker,109.00,4242.00,13.00,188.00,123.00,52.00,2.00,2.00,57.00,52.00,42.00,Low,0,0
MRC HATICE ANA,9536935,215345000,Tanker,Oil or Chemicals Tanker,107.00,3999.00,13.00,142.00,86.00,122.00,15.00,13.00,54.00,38.00,33.00,Low,0,0
ATHLOS,9539858,248011000,Tanker,Oil or Chemicals Tanker,110.00,4908.00,13.00,176.00,101.00,87.00,1.00,0.00,80.00,30.00,43.00,Low,0,0
EMIN REIS,9547570,271040601,Tanker,Oil or Chemicals Tanker,100.00,4165.00,13.00,207.00,95.00,59.00,4.00,0.00,72.00,32.00,48.00,Low,0,0
YM MARS,9551806,215234000,Tanker,Oil or Chemicals Tanker,109.00,4242.00,12.00,170.00,105.00,87.00,3.00,0.00,58.00,44.00,44.00,Low,0,0
FRONA,9585481,374020000,Tanker,Oil or Chemicals Tanker,118.00,6200.00,6.00,157.00,90.00,93.00,25.00,12.00,48.00,45.00,37.00,Low,0,0
MILLENNIAL SPIRIT,7392610,214182773,Tanker,Oil Products Tanker,77.00,1665.00,49.00,24.00,0.00,62.00,279.00,0.00,0.00,0.00,2.00,Low,0,0
ASTERDEA,7421863,677044500,Tanker,Oil Products Tanker,81.00,1794.00,47.00,32.00,80.00,240.00,13.00,10.00,4.00,480.00,3.00,High,1,0
BRENTIX,7922221,677077500,Tanker,Oil Products Tanker,80.00,1975.00,43.00,14.00,73.00,8.00,270.00,3.00,4.00,435.00,3.00,Low,0,0
AVALON M,8013120,613116900,Tanker,Oil Products Tanker,81.00,1941.00,42.00,72.00,11.00,251.00,31.00,2.00,9.00,31.00,11.00,Moderate,1,0
UNICOM 3,8317447,264900073,Tanker,Oil Products Tanker,70.00,999.00,39.00,1.00,353.00,0.00,11.00,0.00,9.00,659.00,0.50,Low,0,0
NERMIN TELLI,8317992,271002456,Tanker,Oil Products Tanker,92.00,2699.00,39.00,136.00,120.00,98.00,11.00,0.00,80.00,25.00,30.00,Low,0,0
DESNA,8331510,272972000,Tanker,Oil Products Tanker,78.00,1902.00,38.00,25.00,93.00,8.00,239.00,0.00,3.00,741.00,0.10,Low,0,0
BARAKAALE-1,8508747,677062000,Tanker,Oil Products Tanker,89.00,1477.00,39.00,133.00,39.00,48.00,145.00,24.00,19.00,49.00,17.00,Low,0,0
NAVIGER-5,8727939,273345600,Tanker,Oil Products Tanker,138.00,4401.00,39.00,122.00,42.00,179.00,22.00,3.00,17.00,60.00,11.00,Low,0,0
KAPITAN PERMYAKOV,8727953,273343600,Tanker,Oil Products Tanker,138.00,4402.00,36.00,120.00,27.00,175.00,43.00,9.00,17.00,38.00,16.00,Low,0,0
NAVIGER-1,8867143,273342100,Tanker,Oil Products Tanker,133.00,4059.00,53.00,136.00,39.00,102.00,88.00,13.00,20.00,47.00,22.00,Low,0,0
TONY,8884476,630001012,Tanker,Oil Products Tanker,123.00,2863.00,38.00,31.00,43.00,114.00,177.00,40.00,3.00,343.00,3.00,High,1,0
ANNA,9118159,620992000,Tanker,Oil Products Tanker,91.00,3368.00,26.00,110.00,24.00,161.00,70.00,69.00,29.00,20.00,16.00,Moderate,1,0
LESLEY CT,9153422,312056000,Tanker,Oil Products Tanker,102.00,3630.00,25.00,57.00,94.00,211.00,3.00,1.00,18.00,124.00,8.00,Low,0,0
LEOPOLD,9173032,636021933,Tanker,Oil Products Tanker,105.00,5281.00,25.00,101.00,154.00,110.00,0.00,0.00,81.00,45.00,24.00,Low,0,0
CHEETAH-II,9222560,355804000,Tanker,Oil Products Tanker,182.00,28534.00,23.00,91.00,94.00,118.00,62.00,48.00,8.00,37.00,15.00,Low,0,0
ELLES PRIDE,9251664,620913000,Tanker,Oil Products Tanker,178.00,21353.00,21.00,71.00,33.00,148.00,113.00,54.00,16.00,50.00,16.00,High,1,0
VS REMLIN,9252307,232026709,Tanker,Oil Products Tanker,171.00,22184.00,20.00,188.00,58.00,116.00,3.00,0.00,28.00,47.00,45.00,Low,0,0
BENTLEY I,9253129,373259000,Tanker,Oil Products Tanker,176.00,25382.00,19.00,144.00,74.00,121.00,26.00,0.00,38.00,47.00,37.00,Low,0,0
SEA MARINE 1,9255830,574322000,Tanker,Oil Products Tanker,180.00,25561.00,20.00,101.00,95.00,132.00,37.00,0.00,15.00,152.00,17.00,Low,0,0
NOSTOS,9258014,636019667,Tanker,Oil Products Tanker,182.00,28529.00,20.00,181.00,25.00,157.00,2.00,2.00,15.00,40.00,37.00,Low,0,0
SOYIA,9263916,636022477,Tanker,Oil Products Tanker,182.00,28517.00,19.00,203.00,85.00,65.00,12.00,0.00,31.00,66.00,54.00,High,1,0
ANDROPOV,9269348,273450240,Tanker,Oil Products Tanker,126.00,3584.00,19.00,38.00,41.00,185.00,101.00,48.00,15.00,66.00,5.00,Low,0,0
KAPITAN BARMIN,9269350,273423570,Tanker,Oil Products Tanker,135.00,4535.00,21.00,133.00,31.00,171.00,30.00,2.00,18.00,41.00,17.00,Low,0,0
NIZHNIY NOVGOROD,9278959,273442410,Tanker,Oil Products Tanker,141.00,4378.00,21.00,131.00,20.00,104.00,110.00,30.00,11.00,43.00,18.00,Low,0,0
BYRON,9290828,538003816,Tanker,Oil Products Tanker,183.00,23298.00,18.00,168.00,86.00,107.00,4.00,4.00,40.00,51.00,46.00,Low,0,0
KRITI EMERALD,9292577,636018123,Tanker,Oil Products Tanker,189.00,30971.00,18.00,234.00,54.00,70.00,7.00,5.00,31.00,42.00,56.00,Low,0,0
CHRYSOPIGI,9303728,249971000,Tanker,Oil Products Tanker,183.00,24048.00,17.00,147.00,48.00,119.00,51.00,47.00,24.00,48.00,36.00,Moderate,1,0
VS LEIA,9303730,232019341,Tanker,Oil Products Tanker,183.00,24048.00,17.00,160.00,64.00,139.00,2.00,0.00,32.00,48.00,37.00,Low,0,0
SLOMAN THETIS,9306653,305496000,Tanker,Oil Products Tanker,171.00,22184.00,17.00,154.00,69.00,140.00,2.00,0.00,31.00,53.00,39.00,Low,0,0
BEKS EBRU,9308132,538009661,Tanker,Oil Products Tanker,189.00,30965.00,17.00,127.00,99.00,110.00,29.00,4.00,31.00,76.00,35.00,Low,0,0
HELEN M,9308223,370307000,Tanker,Oil Products Tanker,180.00,28245.00,18.00,183.00,37.00,134.00,11.00,10.00,29.00,30.00,50.00,Low,0,0
VS LISBETH,9309978,232005015,Tanker,Oil Products Tanker,183.00,24048.00,17.00,179.00,74.00,84.00,28.00,2.00,38.00,45.00,44.00,Low,0,0
STAR MERLIN,9325609,255802890,Tanker,Oil Products Tanker,186.00,31500.00,16.00,165.00,101.00,94.00,5.00,0.00,18.00,135.00,40.00,Low,0,0
DUMBLEDORE,9325611,311001104,Tanker,Oil Products Tanker,186.00,31433.00,16.00,161.00,83.00,114.00,7.00,0.00,30.00,64.00,46.00,Low,0,0
SEABREEZE,9343986,229145000,Tanker,Oil Products Tanker,186.00,31433.00,16.00,175.00,76.00,114.00,0.00,0.00,25.00,73.00,43.00,Moderate,1,0
SEAEXPRESS,9344019,229353000,Tanker,Oil Products Tanker,180.00,28069.00,16.00,146.00,75.00,76.00,68.00,24.00,31.00,58.00,37.00,Low,0,0
BEKS FENIX,9356751,538009848,Tanker,Oil Products Tanker,189.00,30965.00,16.00,165.00,73.00,118.00,9.00,1.00,29.00,60.00,40.00,Low,0,0
MINERVA JOY,9363479,229446000,Tanker,Oil Products Tanker,180.00,28056.00,15.00,183.00,44.00,109.00,29.00,27.00,23.00,46.00,47.00,Low,0,0
MINERVA EMILY,9380063,229084000,Tanker,Oil Products Tanker,182.00,26900.00,14.00,188.00,63.00,107.00,7.00,5.00,20.00,76.00,43.00,Low,0,0
SEAMUSE,9382700,538006566,Tanker,Oil Products Tanker,180.00,28799.00,16.00,200.00,87.00,70.00,8.00,0.00,21.00,98.00,57.00,Low,0,0
KRITI ROCK,9392315,636019277,Tanker,Oil Products Tanker,180.00,28085.00,15.00,172.00,101.00,84.00,8.00,6.00,30.00,81.00,41.00,Low,0,0
AGVANIS,9435325,357642000,Tanker,Oil Products Tanker,150.00,7833.00,16.00,154.00,88.00,113.00,10.00,9.00,37.00,57.00,30.00,Low,0,0
BLACKSEA EAGLE,9495832,370805000,Tanker,Oil Products Tanker,118.00,5036.00,15.00,82.00,96.00,136.00,51.00,7.00,50.00,46.00,23.00,Low,0,0
TITAN,9517070,273344330,Tanker,Oil Products Tanker,141.00,4378.00,14.00,70.00,22.00,172.00,101.00,7.00,20.00,27.00,15.00,Low,0,0
FTM 22,9598359,538010213,Tanker,Oil Products Tanker,141.00,4376.00,12.00,115.00,16.00,201.00,33.00,1.00,13.00,30.00,17.00,High,1,0
FTM21,9598361,538010208,Tanker,Oil Products Tanker,141.00,4376.00,12.00,130.00,16.00,178.00,41.00,2.00,17.00,23.00,19.00,High,1,0
FTM 24,9598373,538010215,Tanker,Oil Products Tanker,141.00,4376.00,12.00,99.00,22.00,165.00,79.00,2.00,28.00,19.00,17.00,High,1,0
FTM 23,9598385,538010214,Tanker,Oil Products Tanker,141.00,4376.00,12.00,121.00,31.00,182.00,31.00,4.00,20.00,37.00,16.00,High,1,0
SVL PRIDE,9599341,273324070,Tanker,Oil Products Tanker,142.00,4793.00,13.00,136.00,78.00,113.00,38.00,0.00,63.00,30.00,32.00,Low,0,0
RN TUAPSE,9599353,273329070,Tanker,Oil Products Tanker,141.00,4792.00,12.00,112.00,40.00,202.00,11.00,0.00,35.00,28.00,13.00,Low,0,0
ALEKSANDR SHEMAGIN,9612909,273352260,Tanker,Oil Products Tanker,140.00,4531.00,11.00,77.00,45.00,167.00,76.00,9.00,24.00,45.00,13.00,Low,0,0
YULIY MAKARENKOV,9612923,273351260,Tanker,Oil Products Tanker,140.00,4541.00,10.00,96.00,19.00,162.00,88.00,3.00,15.00,31.00,11.00,Low,0,0
SERGEY TERSKOV,9637961,273387430,Tanker,Oil Products Tanker,140.00,4531.00,7.00,76.00,36.00,196.00,57.00,22.00,19.00,46.00,11.00,Low,0,0
YAKOV GUNIN,9637973,273384070,Tanker,Oil Products Tanker,140.00,4531.00,7.00,76.00,37.00,153.00,99.00,4.00,25.00,35.00,11.00,Low,0,0
VF TANKER-1,9640499,273351450,Tanker,Oil Products Tanker,141.00,5075.00,11.00,82.00,79.00,188.00,16.00,0.00,26.00,59.00,15.00,Low,0,0
VF TANKER-2,9640504,273352450,Tanker,Oil Products Tanker,141.00,5075.00,11.00,150.00,43.00,151.00,21.00,2.00,26.00,39.00,26.00,Low,0,0
VF TANKER-3,9640516,273353450,Tanker,Oil Products Tanker,141.00,5075.00,11.00,139.00,77.00,142.00,7.00,0.00,57.00,27.00,24.00,Low,0,0
VF TANKER-4,9640528,273354450,Tanker,Oil Products Tanker,141.00,5075.00,11.00,100.00,73.00,124.00,68.00,2.00,35.00,50.00,19.00,Low,0,0
VF TANKER-5,9640530,273355450,Tanker,Oil Products Tanker,141.00,5075.00,11.00,132.00,59.00,129.00,45.00,3.00,26.00,52.00,22.00,Low,0,0
VF TANKER-6,9640542,273359560,Tanker,Oil Products Tanker,141.00,5075.00,11.00,102.00,102.00,139.00,22.00,1.00,27.00,86.00,18.00,Low,0,0
VF TANKER-7,9640554,273350660,Tanker,Oil Products Tanker,141.00,5075.00,11.00,141.00,61.00,128.00,35.00,9.00,30.00,49.00,26.00,Low,0,0
VF TANKER-8,9640566,273358860,Tanker,Oil Products Tanker,141.00,5075.00,11.00,101.00,60.00,175.00,29.00,0.00,23.00,63.00,18.00,Low,0,0
VF TANKER-11,9645009,273357860,Tanker,Oil Products Tanker,141.00,5075.00,11.00,122.00,95.00,142.00,6.00,0.00,29.00,79.00,21.00,Low,0,0
VF TANKER-12,9645011,273358170,Tanker,Oil Products Tanker,141.00,5075.00,11.00,105.00,71.00,165.00,24.00,1.00,26.00,66.00,17.00,Low,0,0
VF TANKER-13,9645023,273359170,Tanker,Oil Products Tanker,141.00,5075.00,11.00,99.00,67.00,156.00,43.00,1.00,21.00,72.00,16.00,Low,0,0
VF TANKER-15,9645047,273353180,Tanker,Oil Products Tanker,141.00,5075.00,11.00,136.00,124.00,90.00,15.00,0.00,65.00,46.00,24.00,Low,0,0
VF TANKER-18,9645073,273357390,Tanker,Oil Products Tanker,141.00,5075.00,10.00,129.00,75.00,147.00,14.00,1.00,33.00,54.00,20.00,Low,0,0
VF TANKER-20,9645097,273358390,Tanker,Oil Products Tanker,141.00,5075.00,10.00,160.00,106.00,78.00,21.00,3.00,57.00,44.00,28.00,Low,0,0
VF TANKER-21,9645102,273359390,Tanker,Oil Products Tanker,141.00,5075.00,10.00,107.00,70.00,158.00,30.00,3.00,26.00,65.00,20.00,Low,0,0
VF TANKER-22,9645114,273333670,Tanker,Oil Products Tanker,141.00,5075.00,10.00,138.00,79.00,114.00,34.00,25.00,31.00,59.00,24.00,Low,0,0
LOYALTY,9655468,273333570,Tanker,Oil Products Tanker,141.00,5089.00,10.00,110.00,37.00,121.00,97.00,3.00,31.00,29.00,25.00,Low,0,0
SVL UNITY,9655470,273337080,Tanker,Oil Products Tanker,141.00,5075.00,10.00,141.00,69.00,126.00,29.00,0.00,52.00,32.00,29.00,Low,0,0
DMITRY POKROVSKY,9683726,273332580,Tanker,Oil Products Tanker,141.00,5075.00,9.00,60.00,87.00,151.00,67.00,23.00,24.00,87.00,9.00,Low,0,0
LADY SEVDA,9683738,273342180,Tanker,Oil Products Tanker,141.00,5075.00,9.00,89.00,43.00,169.00,64.00,7.00,16.00,64.00,15.00,High,1,0
LADY LEILA,9683740,273340060,Tanker,Oil Products Tanker,141.00,5378.00,9.00,80.00,19.00,178.00,88.00,15.00,11.00,41.00,8.00,High,1,0
NIKOLAY GAMAYUNOV,9766073,273381530,Tanker,Oil Products Tanker,103.00,4577.00,7.00,91.00,47.00,202.00,25.00,14.00,29.00,39.00,13.00,Low,0,0
NIKOLAY VELIKIY,9766085,273427090,Tanker,Oil Products Tanker,103.00,4568.00,6.00,128.00,48.00,186.00,3.00,0.00,30.00,37.00,22.00,Low,0,0
GANJA,9813565,423457100,Tanker,Oil Products Tanker,140.00,5075.00,7.00,68.00,63.00,153.00,81.00,0.00,34.00,44.00,13.00,Low,0,0
LACHIN,9821469,423488100,Tanker,Oil Products Tanker,141.00,5000.00,5.00,120.00,34.00,201.00,10.00,1.00,24.00,34.00,16.00,Low,0,0
KALBAJAR,9821471,423501100,Tanker,Oil Products Tanker,141.00,5000.00,5.00,122.00,98.00,140.00,5.00,0.00,52.00,45.00,24.00,Low,0,0
PROFESSOR AZIZALIYEV,9823821,423002100,Tanker,Oil Products Tanker,140.00,5090.00,6.00,73.00,177.00,101.00,14.00,0.00,23.00,179.00,11.00,Low,0,0
