﻿Vessel ID,Class,Subclass,Length,Gross Tonnage,Age,Sailing (days in one year),In Port (days in one year),Waiting (days in one year),Signal Lost (days in one year),Dark Activity (days in one year),No. of portcalls (in one year),Average duration for portcalls (in hours),No of sailed nauticals miles (in one year),Pottential Risk,Of Interest for Inspection
1,Cargo,Bulk Carrier,138,7788,42,67,75,131,92,38,19,95,14000,High,1
2,Cargo,Bulk Carrier,136,6498,42,66,138,158,3,0,24,138,14000,Moderate,1
3,Cargo,Bulk Carrier,138,7788,42,71,94,169,31,9,22,102,15000,Moderate,1
4,Cargo,Bulk Carrier,122,7170,37,77,163,107,18,10,24,161,17000,Low,0
5,Cargo,Bulk Carrier,143,8253,36,34,93,22,216,0,8,279,6000,Low,0
6,Cargo,Bulk Carrier,143,8254,35,76,76,135,78,72,15,122,14000,Moderate,1
7,Cargo,Bulk Carrier,122,7166,35,100,126,106,33,7,19,160,15000,Low,0
8,Cargo,Bulk Carrier,144,9815,31,113,104,115,33,31,16,155,22000,Low,0
9,Cargo,Bulk Carrier,158,13695,33,115,65,73,112,95,12,101,23000,Low,0
10,Cargo,Bulk Carrier,104,3828,32,223,69,69,4,0,28,59,59000,Low,0
11,Cargo,Bulk Carrier,158,13706,31,103,154,99,9,0,23,161,24000,Low,0
12,Cargo,Bulk Carrier,158,13725,29,79,114,114,58,54,14,196,21000,High,1
13,Cargo,Bulk Carrier,158,13865,29,126,121,71,47,39,22,132,31000,High,1
14,Cargo,Bulk Carrier,158,13865,28,122,81,86,76,71,19,102,30000,High,1
15,Cargo,Bulk Carrier,143,10490,26,120,164,80,1,0,27,146,27000,Low,0
16,Cargo,Bulk Carrier,143,10490,27,111,145,56,53,5,38,91,30000,Low,0
17,Cargo,Bulk Carrier,157,14599,28,125,74,166,0,0,10,145,33000,Moderate,1
18,Cargo,Bulk Carrier,148,11121,28,148,156,58,3,0,20,163,38000,Moderate,1
19,Cargo,Bulk Carrier,143,10421,27,57,116,106,86,75,21,132,12000,Low,0
20,Cargo,Bulk Carrier,143,10490,26,97,110,129,29,12,23,115,23000,High,1
21,Cargo,Bulk Carrier,154,14704,28,116,103,113,33,14,20,124,23000,Low,0
22,Cargo,Bulk Carrier,154,14762,26,183,121,50,11,0,29,100,48000,Moderate,1
23,Cargo,Bulk Carrier,142,10220,26,45,130,179,11,0,19,164,11000,High,1
24,Cargo,Bulk Carrier,142,10220,25,98,148,112,7,6,51,68,24000,Low,0
25,Cargo,Bulk Carrier,142,10220,25,118,104,120,23,16,13,191,27000,High,1
26,Cargo,Bulk Carrier,154,14754,27,89,53,198,25,25,13,86,14000,High,1
27,Cargo,Bulk Carrier,151,14431,27,92,180,85,8,7,22,186,25000,Low,0
28,Cargo,Bulk Carrier,160,15888,25,59,75,79,152,139,16,112,17000,High,1
29,Cargo,Bulk Carrier,154,14747,26,179,98,87,1,0,28,84,50000,High,1
30,Cargo,Bulk Carrier,113,6001,27,46,114,204,1,0,20,136,10000,Low,0
31,Cargo,Bulk Carrier,113,5997,26,54,211,14,86,0,22,230,15000,Low,0
32,Cargo,Bulk Carrier,158,15355,26,65,87,210,3,0,19,105,18000,Moderate,1
33,Cargo,Bulk Carrier,149,13781,24,104,154,60,47,46,25,148,27000,High,1
34,Cargo,Bulk Carrier,148,11194,26,82,110,139,34,1,19,140,20000,High,1
35,Cargo,Bulk Carrier,148,11246,26,63,134,144,24,23,20,161,15000,Low,0
36,Cargo,Bulk Carrier,101,4569,26,89,92,167,17,8,21,106,14000,Moderate,1
37,Cargo,Bulk Carrier,113,6079,26,92,159,112,2,0,50,76,22000,Low,0
38,Cargo,Bulk Carrier,158,14118,24,120,135,108,2,0,30,108,29000,Low,0
39,Cargo,Bulk Carrier,136,9973,26,166,127,70,2,3,23,133,39000,Low,0
40,Cargo,Bulk Carrier,151,14446,25,117,176,61,11,0,10,400,32000,Low,0
41,Cargo,Bulk Carrier,154,15137,24,149,73,116,27,25,11,159,32000,Low,0
42,Cargo,Bulk Carrier,113,6079,24,77,140,89,59,34,27,125,20000,Low,0
43,Cargo,Bulk Carrier,134,8492,24,47,205,37,76,6,16,309,12000,High,1
44,Cargo,Bulk Carrier,160,15609,24,117,95,82,71,0,25,85,28000,High,1
45,Cargo,Bulk Carrier,141,9994,23,109,179,59,18,2,30,138,28000,Low,0
46,Cargo,Bulk Carrier,108,6204,23,160,153,47,5,0,34,107,34000,Low,0
47,Cargo,Bulk Carrier,148,11194,23,81,93,183,8,0,37,60,18000,Low,0
48,Cargo,Bulk Carrier,137,9978,23,177,110,78,0,0,37,71,45000,Low,0
49,Cargo,Bulk Carrier,148,11194,23,143,128,84,10,5,36,85,41000,Low,0
50,Cargo,Bulk Carrier,137,9978,22,125,125,115,0,0,32,91,33000,Low,0
51,Cargo,Bulk Carrier,149,11395,23,144,126,92,3,1,21,144,33000,Low,0
52,Cargo,Bulk Carrier,155,12578,21,74,36,13,242,0,6,146,7000,Low,0
53,Cargo,Bulk Carrier,137,9978,22,159,115,90,1,0,29,94,42000,High,1
54,Cargo,Bulk Carrier,138,11403,22,174,109,71,11,0,29,90,40000,Moderate,1
55,Cargo,Bulk Carrier,115,7265,22,100,103,159,3,0,25,99,26000,Moderate,1
56,Cargo,Bulk Carrier,135,9104,22,113,129,109,14,0,24,129,29000,Low,0
57,Cargo,Bulk Carrier,138,11349,20,124,123,112,6,0,31,95,32000,Low,0
58,Cargo,Bulk Carrier,135,9865,16,64,85,215,1,0,21,96,13000,Moderate,1
59,Cargo,Bulk Carrier,115,7341,16,140,146,79,0,0,22,160,28000,Low,0
60,Cargo,Bulk Carrier,115,7341,15,158,105,95,7,0,44,56,40000,Low,0
61,Cargo,Bulk Carrier,128,6177,19,85,132,138,10,1,22,144,14000,Low,0
62,Cargo,Bulk Carrier,140,11697,16,151,132,78,4,0,29,109,42000,Moderate,1
63,Cargo,Bulk Carrier,140,11674,17,170,124,65,6,0,30,99,43000,Low,0
64,Cargo,Bulk Carrier,133,6945,18,160,116,72,17,0,16,94,31000,Low,0
65,Cargo,Bulk Carrier,140,11767,14,51,60,40,214,110,15,96,12000,High,1
66,Cargo,Bulk Carrier,115,7404,14,145,170,34,16,0,41,99,34000,Low,0
67,Cargo,Bulk Carrier,148,10122,16,157,134,72,2,0,27,119,32000,Low,0
68,Cargo,Bulk Carrier,148,10130,16,39,26,17,283,166,7,90,10000,Low,0
69,Cargo,Bulk Carrier,151,10299,17,141,134,89,1,0,32,99,33000,High,1
70,Cargo,Bulk Carrier,136,7959,17,59,106,45,155,0,27,94,14000,Low,0
71,Cargo,Bulk Carrier,140,11767,14,157,145,63,0,0,32,108,38000,Low,0
72,Cargo,Bulk Carrier,146,9294,16,150,157,57,1,0,30,117,37000,Low,0
73,Cargo,Bulk Carrier,157,15861,14,212,117,35,1,0,106,27,49000,Low,0
74,Cargo,Bulk Carrier,157,15861,13,38,32,294,1,0,13,59,10000,Low,0
75,Cargo,Bulk Carrier,157,15861,12,171,108,85,1,0,26,99,44000,Low,0
76,Cargo,Bulk Carrier,134,6699,16,71,37,65,192,143,11,80,13000,Low,0
77,Cargo,Bulk Carrier,141,8289,15,203,90,72,0,0,30,72,41000,High,1
78,Cargo,Bulk Carrier,113,5087,16,65,85,171,44,0,34,60,11000,Moderate,1
79,Cargo,Bulk Carrier,151,10784,15,118,148,96,3,0,50,70,29000,Low,0
80,Cargo,Bulk Carrier,151,10784,15,140,136,84,5,1,38,86,31000,Low,0
81,Cargo,Bulk Carrier,152,10784,15,109,153,93,10,2,45,82,26000,Low,0
82,Cargo,Bulk Carrier,113,5087,15,160,133,51,21,2,33,97,34000,Low,0
83,Cargo,Bulk Carrier,158,15302,12,128,134,100,3,0,19,168,35000,Low,0
84,Cargo,Bulk Carrier,139,9627,13,251,76,35,3,0,35,52,76000,High,1
85,Cargo,Bulk Carrier,113,5087,15,120,124,120,1,0,25,119,26000,Low,0
86,Cargo,Bulk Carrier,139,8890,12,104,79,26,156,0,25,76,22000,Low,0
87,Cargo,Bulk Carrier,160,13675,14,120,91,146,8,1,21,104,25000,Low,0
88,Cargo,Bulk Carrier,113,5087,15,128,103,131,3,1,39,63,29000,Low,0
89,Cargo,Bulk Carrier,150,10830,14,138,107,120,0,0,20,129,29000,Low,0
90,Cargo,Bulk Carrier,113,5087,14,128,103,131,3,1,39,63,29000,Low,0
91,Cargo,Bulk Carrier,115,7404,13,192,113,60,0,0,39,69,46000,High,1
92,Cargo,Bulk Carrier,127,6756,12,132,73,75,85,3,27,65,28000,Low,0
93,Cargo,Bulk Carrier,113,5087,14,75,85,160,45,1,30,68,18000,Low,0
94,Cargo,Bulk Carrier,139,8887,13,116,135,80,34,0,32,102,28000,Low,0
95,Cargo,Bulk Carrier,146,10154,12,158,111,89,7,1,28,95,35000,Low,0
96,Cargo,Bulk Carrier,150,12825,11,161,156,48,0,0,28,134,42000,Low,0
97,Cargo,Bulk Carrier,160,15732,11,172,130,48,15,1,19,162,42000,Low,0
98,Cargo,Bulk Carrier,112,5460,9,247,91,22,5,5,132,17,80000,Low,0
99,Cargo,Bulk Carrier,112,5460,9,235,78,49,3,0,42,44,73000,Low,0
100,Cargo,Bulk Carrier,112,5460,8,235,78,49,3,0,42,44,73000,Low,0
101,Cargo,Container Vessel,152,10733,39,75,178,109,3,0,19,225,16000,Low,0
102,Cargo,Container Vessel,123,7398,32,88,115,130,32,29,32,87,19000,Low,0
103,Cargo,Container Vessel,200,28397,29,117,199,49,0,0,84,57,31000,Low,0
104,Cargo,Container Vessel,216,34231,30,131,157,77,0,0,87,43,34000,Low,0
105,Cargo,Container Vessel,216,34231,30,159,127,77,2,0,106,29,43000,Low,0
106,Cargo,Container Vessel,149,10546,30,169,132,41,23,17,77,41,41000,Low,0
107,Cargo,Container Vessel,149,10546,30,172,144,47,2,1,85,41,43000,Low,0
108,Cargo,Container Vessel,202,30971,30,179,136,41,9,0,116,28,50000,Low,0
109,Cargo,Container Vessel,202,30971,29,203,124,38,0,0,117,25,48000,Low,0
110,Cargo,Container Vessel,100,3992,30,58,182,123,2,0,30,132,13000,Low,0
111,Cargo,Container Vessel,101,3992,30,74,182,90,19,1,42,104,17000,Low,0
112,Cargo,Container Vessel,203,28892,29,124,110,85,46,0,92,29,34000,Low,0
113,Cargo,Container Vessel,203,28892,29,149,129,84,3,0,104,30,42000,Low,0
114,Cargo,Container Vessel,167,15859,27,168,135,50,12,5,109,30,45000,Low,0
115,Cargo,Container Vessel,108,3957,29,67,131,113,54,17,18,175,13000,Low,0
116,Cargo,Container Vessel,202,30280,27,199,136,19,11,0,84,39,61000,Low,0
117,Cargo,Container Vessel,101,3999,28,143,115,72,35,32,42,66,32000,Low,0
118,Cargo,Container Vessel,101,3999,28,83,210,51,21,0,86,58,23000,Low,0
119,Cargo,Container Vessel,169,15120,27,153,167,42,3,0,219,18,40000,Low,0
120,Cargo,Container Vessel,169,15120,26,121,163,69,12,0,154,25,36000,Low,0
121,Cargo,Container Vessel,169,15120,26,165,119,75,6,2,104,27,43000,Low,0
122,Cargo,Container Vessel,101,3999,27,73,230,62,0,0,30,182,14000,Low,0
123,Cargo,Container Vessel,165,14807,25,152,117,94,2,0,125,22,51000,Low,0
124,Cargo,Container Vessel,165,14807,24,116,143,106,0,0,122,28,36000,Low,0
125,Cargo,Container Vessel,110,2077,25,64,150,145,6,0,35,103,12000,Low,0
126,Cargo,Container Vessel,110,2077,25,84,139,122,20,0,49,68,12000,Low,0
127,Cargo,Container Vessel,196,29022,26,124,167,62,12,0,97,41,29000,Low,0
128,Cargo,Container Vessel,132,5941,26,87,219,55,4,1,74,71,22000,Low,0
129,Cargo,Container Vessel,217,24836,23,194,93,78,0,0,98,23,52000,Low,0
130,Cargo,Container Vessel,155,14120,25,227,90,44,4,2,108,20,57000,Low,0
131,Cargo,Container Vessel,216,25219,25,173,117,71,4,0,112,25,48000,Low,0
132,Cargo,Container Vessel,216,25219,25,188,112,64,1,0,98,27,54000,Low,0
133,Cargo,Container Vessel,216,25219,25,240,97,23,5,0,146,16,79000,Low,0
134,Cargo,Container Vessel,216,25219,24,203,120,39,3,0,130,22,60000,Low,0
135,Cargo,Container Vessel,155,14063,24,129,136,99,1,0,79,41,32000,Low,0
136,Cargo,Container Vessel,184,21583,25,191,130,43,1,0,109,29,50000,Low,0
137,Cargo,Container Vessel,199,27773,23,223,86,44,12,0,85,24,62000,Low,0
138,Cargo,Container Vessel,111,4388,23,160,115,87,3,0,35,78,35000,Low,0
139,Cargo,Container Vessel,114,4631,24,180,89,84,12,3,85,25,46000,Low,0
140,Cargo,Container Vessel,182,17887,23,144,126,77,18,2,96,31,46000,Low,0
141,Cargo,Container Vessel,215,34083,23,109,186,55,15,0,130,34,24000,Low,0
142,Cargo,Container Vessel,210,26582,22,166,132,46,21,0,80,40,43000,Low,0
143,Cargo,Container Vessel,188,23652,23,242,95,27,1,0,93,25,69000,Low,0
144,Cargo,Container Vessel,188,23652,22,208,121,34,2,0,113,26,58000,Low,0
145,Cargo,Container Vessel,207,25630,21,243,114,6,2,0,90,30,68000,Low,0
146,Cargo,Container Vessel,100,2936,22,226,69,63,7,1,120,14,50000,Low,0
147,Cargo,Container Vessel,149,10308,21,137,154,41,33,0,132,28,35000,Low,0
148,Cargo,Container Vessel,100,4419,23,102,195,60,8,2,37,126,24000,Low,0
149,Cargo,Container Vessel,156,14193,22,190,107,68,0,0,154,17,52000,Low,0
150,Cargo,Container Vessel,212,27322,21,197,117,48,3,0,94,30,48000,Low,0
151,Cargo,Container Vessel,155,14236,21,178,124,58,5,1,88,34,52000,Low,0
152,Cargo,Container Vessel,133,6191,22,185,127,36,17,0,194,16,58000,Low,0
153,Cargo,Container Vessel,222,28596,20,204,141,18,2,0,228,15,67000,Low,0
154,Cargo,Container Vessel,161,15633,18,162,118,83,2,0,129,22,43000,Low,0
155,Cargo,Container Vessel,133,6704,20,187,112,57,9,6,145,19,59000,Low,0
156,Cargo,Container Vessel,187,23289,13,229,55,79,2,0,33,40,70000,High,1
157,Cargo,Container Vessel,187,23289,11,228,61,75,1,0,29,50,71000,High,1
158,Cargo,Container Vessel,207,25391,20,131,77,157,0,0,25,72,43000,High,1
159,Cargo,Container Vessel,207,25391,20,159,65,114,27,27,43,37,53000,High,1
160,Cargo,Container Vessel,207,25391,19,117,144,102,2,0,36,96,37000,High,1
161,Cargo,Container Vessel,207,25391,19,142,98,103,22,0,42,56,37000,High,1
162,Cargo,Container Vessel,175,18334,18,194,81,88,2,0,72,27,66000,Low,0
163,Cargo,Container Vessel,207,25672,19,212,105,41,7,0,58,43,65000,Low,0
164,Cargo,Container Vessel,212,27059,18,178,127,55,5,0,122,25,53000,Low,0
165,Cargo,Container Vessel,168,15345,16,168,119,73,5,0,123,23,48000,Low,0
166,Cargo,Container Vessel,168,15345,16,163,114,81,7,0,99,28,49000,Low,0
167,Cargo,Container Vessel,148,9931,17,187,95,81,2,0,122,19,53000,Low,0
168,Cargo,Container Vessel,239,36483,17,189,146,27,3,0,176,20,59000,Low,0
169,Cargo,Container Vessel,139,9981,17,226,101,35,3,0,111,22,58000,Low,0
170,Cargo,Container Vessel,222,28592,17,203,124,34,4,1,163,18,63000,Low,0
171,Cargo,Container Vessel,222,28927,16,165,140,60,0,0,155,22,52000,Low,0
172,Cargo,Container Vessel,140,9701,19,207,129,28,1,1,140,22,56000,Low,0
173,Cargo,Container Vessel,173,16488,16,142,163,60,0,0,130,29,41000,Low,0
174,Cargo,Container Vessel,139,9981,17,168,148,48,1,0,108,33,49000,Low,0
175,Cargo,Container Vessel,222,27971,17,207,120,37,1,0,107,27,48000,Low,0
176,Cargo,Container Vessel,175,18327,16,171,132,62,0,0,92,32,52000,Low,0
177,Cargo,Container Vessel,130,7464,18,174,107,82,2,0,137,19,50000,Low,0
178,Cargo,Container Vessel,222,28616,17,172,136,57,0,0,145,22,61000,Low,0
179,Cargo,Container Vessel,148,9948,17,218,93,54,0,0,129,17,62000,Low,0
180,Cargo,Container Vessel,160,14016,16,125,115,94,31,0,101,27,42000,Low,0
181,Cargo,Container Vessel,141,10965,16,195,120,42,8,0,142,20,56000,Low,0
182,Cargo,Container Vessel,175,18123,15,167,97,101,0,0,80,29,50000,Low,0
183,Cargo,Container Vessel,134,9962,16,167,146,51,1,0,100,35,51000,Low,0
184,Cargo,Container Vessel,211,25904,15,182,112,71,0,0,140,19,49000,Low,0
185,Cargo,Container Vessel,210,25904,15,215,96,54,0,0,96,24,59000,Low,0
186,Cargo,Container Vessel,177,18480,17,188,93,82,2,0,83,27,59000,Low,0
187,Cargo,Container Vessel,150,10308,16,206,120,38,1,0,123,23,71000,Low,0
188,Cargo,Container Vessel,229,36087,15,191,120,54,0,0,111,26,56000,Low,0
189,Cargo,Container Vessel,148,9957,16,185,89,63,28,26,102,21,50000,Low,0
190,Cargo,Container Vessel,168,17488,14,203,135,27,0,0,135,24,67000,Low,0
191,Cargo,Container Vessel,136,7393,15,139,116,107,3,0,18,155,34000,Low,0
192,Cargo,Container Vessel,231,35991,15,173,121,55,16,16,115,25,51000,Low,0
193,Cargo,Container Vessel,231,35991,14,227,95,39,4,0,94,24,83000,Low,0
194,Cargo,Container Vessel,166,15334,15,186,125,48,6,0,86,35,53000,Low,0
195,Cargo,Container Vessel,139,9946,15,242,87,36,0,0,128,16,69000,Low,0
196,Cargo,Container Vessel,139,9946,15,207,91,65,2,0,116,19,66000,Low,0
197,Cargo,Container Vessel,180,17068,14,172,153,37,3,0,120,30,55000,Low,0
198,Cargo,Container Vessel,189,21842,13,168,129,67,1,2,118,26,49000,Low,0
199,Cargo,Container Vessel,161,16137,13,185,112,37,31,22,90,30,52000,Low,0
200,Cargo,Container Vessel,210,26195,13,197,136,32,0,0,157,21,61000,Low,0
201,Cargo,Container Vessel,210,26195,12,175,145,45,0,0,163,21,55000,Low,0
202,Cargo,General Cargo,77,1977,52,161,62,94,48,33,40,37,34000,Low,0
203,Cargo,General Cargo,71,1690,46,94,197,69,5,0,62,77,16000,Low,0
204,Cargo,General Cargo,66,1114,46,133,158,57,17,7,44,86,22000,Low,0
205,Cargo,General Cargo,80,2041,44,95,172,18,80,0,72,57,18000,High,1
206,Cargo,General Cargo,80,1925,45,54,107,180,24,11,37,70,10000,Moderate,1
207,Cargo,General Cargo,69,998,42,56,107,167,35,14,42,61,10000,Moderate,1
208,Cargo,General Cargo,80,1713,44,115,83,96,71,1,55,36,15000,Low,0
209,Cargo,General Cargo,74,996,42,84,165,101,15,0,65,61,13000,Low,0
210,Cargo,General Cargo,81,2343,42,94,129,107,35,28,29,107,17000,Moderate,1
211,Cargo,General Cargo,80,3433,43,89,86,168,22,4,28,74,10000,Moderate,1
212,Cargo,General Cargo,81,2225,43,51,198,107,9,0,31,151,9000,Low,0
213,Cargo,General Cargo,80,3433,42,66,99,189,11,2,44,54,10000,Moderate,1
214,Cargo,General Cargo,80,3433,42,83,116,137,29,26,29,96,15000,Low,0
215,Cargo,General Cargo,78,996,40,130,43,146,46,0,19,55,21000,High,1
216,Cargo,General Cargo,81,2363,42,68,156,73,68,52,32,117,10000,Moderate,1
217,Cargo,General Cargo,73,942,44,114,107,142,2,0,56,46,18000,Low,0
218,Cargo,General Cargo,72,856,44,130,103,125,7,4,116,21,17000,Low,0
219,Cargo,General Cargo,78,1525,40,71,183,80,31,13,40,103,13000,High,1
220,Cargo,General Cargo,68,1560,40,136,112,100,17,2,34,79,18000,Low,0
221,Cargo,General Cargo,79,1249,40,70,181,110,4,2,75,58,13000,Low,0
222,Cargo,General Cargo,80,1343,38,123,115,116,11,2,26,105,15000,High,1
223,Cargo,General Cargo,79,997,39,145,93,89,38,8,44,51,15000,High,1
224,Cargo,General Cargo,75,1289,39,115,125,118,7,0,48,62,21000,Low,0
225,Cargo,General Cargo,79,1473,38,20,31,39,275,0,15,49,3000,Low,0
226,Cargo,General Cargo,79,998,39,111,127,66,61,3,34,88,18000,High,1
227,Cargo,General Cargo,82,1559,39,163,105,75,22,2,35,69,22000,Low,0
228,Cargo,General Cargo,79,1132,38,146,81,99,39,1,51,38,23000,Low,0
229,Cargo,General Cargo,79,998,38,114,76,126,49,11,32,57,18000,High,1
230,Cargo,General Cargo,79,998,38,107,70,128,60,2,44,35,17000,High,1
231,Cargo,General Cargo,75,1289,39,129,105,126,5,0,31,81,17000,Low,0
232,Cargo,General Cargo,75,1291,38,84,139,129,13,1,42,80,14000,Low,0
233,Cargo,General Cargo,82,1559,39,184,82,94,5,4,42,47,29000,Low,0
234,Cargo,General Cargo,75,1300,38,173,102,51,39,10,52,37,27000,Low,0
235,Cargo,General Cargo,79,1139,37,147,58,115,45,2,30,47,26000,High,1
236,Cargo,General Cargo,81,1567,37,171,92,99,3,0,44,50,27000,Low,0
237,Cargo,General Cargo,78,2007,38,75,61,201,28,18,31,47,14000,High,1
238,Cargo,General Cargo,79,1318,37,35,46,70,214,91,34,32,7000,Low,0
239,Cargo,General Cargo,74,1163,38,162,75,105,23,9,47,38,32000,High,1
240,Cargo,General Cargo,80,2435,36,59,189,113,4,0,53,86,13000,Low,0
241,Cargo,General Cargo,58,794,37,73,104,98,90,29,38,66,11000,High,1
242,Cargo,General Cargo,58,794,37,60,97,53,155,107,33,70,10000,High,1
243,Cargo,General Cargo,74,1525,37,157,138,64,6,0,72,46,26000,Low,0
244,Cargo,General Cargo,81,1272,37,109,108,125,23,6,48,53,17000,Moderate,1
245,Cargo,General Cargo,69,910,35,57,185,89,34,4,14,318,7000,High,1
246,Cargo,General Cargo,75,1882,35,111,173,79,2,0,62,67,17000,Low,0
247,Cargo,General Cargo,54,875,35,92,104,166,3,2,45,56,15000,Moderate,1
248,Cargo,General Cargo,76,1248,35,113,104,148,0,0,60,42,20000,Low,0
249,Cargo,General Cargo,76,1239,32,94,125,120,26,9,33,91,15000,Low,0
250,Cargo,General Cargo,78,2457,52,107,79,164,15,0,28,68,8000,Moderate,1
251,Cargo,General Cargo,81,1592,30,133,148,80,4,1,46,77,23000,Low,0
252,Cargo,General Cargo,58,199,26,172,44,147,2,0,36,28,27000,High,1
253,Cargo,General Cargo,37,120,40,13,239,14,99,0,42,136,1000,Low,0
254,Cargo,General Cargo,77,1243,25,188,98,69,10,0,55,43,37000,Low,0
255,Cargo,General Cargo,73,906,28,136,87,129,13,0,55,38,22000,Low,0
256,Cargo,General Cargo,76,1490,24,159,81,103,22,1,42,43,37000,Low,0
257,Cargo,General Cargo,69,999,32,187,51,126,1,0,40,31,30000,Low,0
258,Cargo,General Cargo,63,1907,33,101,66,181,17,2,21,76,20000,Moderate,1
259,Cargo,General Cargo,81,1572,30,42,258,56,9,2,30,207,8000,Moderate,1
260,Cargo,General Cargo,78,1382,32,88,97,160,20,0,38,61,12000,Moderate,1
261,Cargo,General Cargo,78,1382,32,150,108,102,5,0,56,46,19000,Low,0
262,Cargo,General Cargo,78,1382,31,150,101,77,37,4,47,499,23000,Low,0
263,Cargo,General Cargo,78,1382,30,87,138,132,8,0,65,51,15000,Low,0
264,Cargo,General Cargo,80,1574,32,204,80,66,15,0,41,47,37000,Low,0
265,Cargo,General Cargo,79,1276,32,103,76,108,78,6,37,50,17000,Moderate,1
266,Cargo,General Cargo,75,1247,32,102,82,163,18,1,44,45,18000,Low,0
267,Cargo,General Cargo,74,1425,32,132,152,75,6,1,33,110,26000,Low,0
268,Cargo,General Cargo,75,1512,31,149,142,70,4,0,60,57,23000,Low,0
269,Cargo,General Cargo,75,1512,31,147,81,108,29,9,41,47,23000,Low,0
270,Cargo,General Cargo,75,1513,31,146,84,125,10,1,43,47,22000,Low,0
271,Cargo,General Cargo,65,1189,32,133,141,83,8,2,75,45,24000,Low,0
272,Cargo,General Cargo,72,1511,29,165,77,114,9,4,56,33,30000,High,1
273,Cargo,General Cargo,75,1488,29,101,155,108,1,1,72,52,17000,Low,0
274,Cargo,General Cargo,81,1598,31,124,89,131,21,11,41,52,22000,Low,0
275,Cargo,General Cargo,81,1596,30,211,82,69,3,0,54,36,39000,Low,0
276,Cargo,General Cargo,76,1518,30,158,66,78,63,0,28,55,35000,Low,0
277,Cargo,General Cargo,81,1596,29,130,138,87,10,4,86,38,24000,Low,0
278,Cargo,General Cargo,56,398,29,168,85,99,13,2,48,42,36000,Low,0
279,Cargo,General Cargo,82,1554,28,172,79,106,8,4,41,43,31000,Low,0
280,Cargo,General Cargo,78,1598,27,188,91,73,13,1,45,49,37000,Low,0
281,Cargo,General Cargo,69,884,27,112,119,119,15,4,59,48,23000,High,1
282,Cargo,General Cargo,72,1246,26,115,109,87,54,4,42,62,21000,Moderate,1
283,Cargo,General Cargo,78,1225,25,123,118,112,12,5,49,58,23000,Low,0
284,Cargo,General Cargo,74,1220,25,103,152,109,1,0,70,52,21000,Low,0
285,Cargo,General Cargo,76,1233,23,158,88,106,13,0,54,39,34000,Low,0
286,Cargo,General Cargo,81,1998,22,101,131,80,53,0,20,155,20000,Moderate,1
287,Cargo,General Cargo,80,1850,20,224,87,50,4,0,62,34,38000,Low,0
288,Cargo,General Cargo,80,1919,19,95,105,80,85,8,36,70,19000,Low,0
289,Cargo,General Cargo,81,2032,18,140,119,100,6,2,43,66,29000,Low,0
290,Cargo,General Cargo,81,2132,18,108,92,129,36,10,45,49,24000,Low,0
291,Cargo,General Cargo,80,1587,18,188,109,66,2,0,57,44,41000,Low,0
292,Cargo,General Cargo,81,1972,18,110,82,170,3,1,37,53,18000,Moderate,1
293,Cargo,General Cargo,81,1972,17,134,145,75,11,4,50,70,24000,Low,0
294,Cargo,General Cargo,81,1972,17,125,97,123,20,2,39,60,22000,Low,0
295,Cargo,General Cargo,80,1997,17,99,165,76,25,3,23,173,20000,Low,0
296,Cargo,General Cargo,81,2321,16,140,105,116,4,0,49,52,24000,Low,0
297,Cargo,General Cargo,81,1972,17,160,75,112,18,1,36,50,29000,Low,0
298,Cargo,General Cargo,81,2544,16,91,97,125,52,0,33,70,16000,Low,0
299,Cargo,General Cargo,81,2431,16,108,151,95,11,6,50,73,20000,Low,0
300,Cargo,General Cargo,81,1971,16,114,131,49,71,1,48,65,20000,Low,0
301,Cargo,General Cargo,81,1972,15,221,89,55,0,0,37,54,40000,High,1
302,Cargo,Livestock Carrier,73,1446,59,143,166,41,15,4,18,221,30000,High,1
303,Cargo,Livestock Carrier,72,998,58,156,52,54,103,76,20,63,21000,Moderate,1
304,Cargo,Livestock Carrier,78,1372,55,117,145,70,33,30,22,158,23000,Low,0
305,Cargo,Livestock Carrier,74,1090,53,100,51,44,170,0,25,49,18000,High,1
306,Cargo,Livestock Carrier,92,2248,53,257,54,46,8,0,32,41,55000,Low,0
307,Cargo,Livestock Carrier,89,2987,53,229,32,102,2,1,30,25,50000,High,1
308,Cargo,Livestock Carrier,75,1259,51,166,138,56,5,0,32,103,31000,High,1
309,Cargo,Livestock Carrier,78,1895,51,132,54,90,89,48,35,34,29000,Low,0
310,Cargo,Livestock Carrier,80,1777,51,143,75,107,40,36,22,82,29000,Low,0
311,Cargo,Livestock Carrier,89,3013,50,44,213,31,77,0,30,149,9000,Low,0
312,Cargo,Livestock Carrier,78,2062,50,203,99,61,2,0,30,80,43000,Low,0
313,Cargo,Livestock Carrier,74,1598,49,187,61,116,1,0,35,42,40000,Low,0
314,Cargo,Livestock Carrier,83,2504,48,176,61,120,8,4,29,50,37000,Low,0
315,Cargo,Livestock Carrier,80,1995,48,121,106,135,3,0,63,40,27000,High,1
316,Cargo,Livestock Carrier,94,4481,47,221,39,85,20,0,28,33,47000,High,1
317,Cargo,Livestock Carrier,83,2673,46,56,91,122,96,0,12,183,10000,Low,0
318,Cargo,Livestock Carrier,80,2403,45,105,120,93,47,42,32,90,22000,High,1
319,Cargo,Livestock Carrier,86,2924,46,269,38,37,21,11,42,22,61000,Low,0
320,Cargo,Livestock Carrier,105,4033,45,199,66,100,0,0,40,39,51000,High,1
321,Cargo,Livestock Carrier,96,3095,45,220,99,46,0,0,33,72,47000,Low,0
322,Cargo,Livestock Carrier,106,6398,44,62,78,107,118,1,10,188,15000,Low,0
323,Cargo,Livestock Carrier,100,7087,40,214,66,47,38,20,33,48,49000,High,1
324,Cargo,Livestock Carrier,100,7069,40,146,151,64,4,0,23,156,35000,Low,0
325,Cargo,Livestock Carrier,78,2964,40,274,49,39,3,1,38,31,58000,Low,0
326,Cargo,Livestock Carrier,78,2936,40,62,89,211,3,0,17,126,15000,Moderate,1
327,Cargo,Livestock Carrier,180,18341,37,192,68,102,3,0,18,91,64000,High,1
328,Cargo,Livestock Carrier,85,3228,35,197,68,63,37,12,23,71,50000,High,1
329,Cargo,Livestock Carrier,92,2725,33,143,113,108,1,0,30,90,33000,High,1
330,Cargo,Livestock Carrier,108,7896,32,36,63,36,230,0,5,305,12000,Low,0
331,Cargo,Livestock Carrier,117,6872,25,202,56,107,0,2,32,42,63000,High,1
332,Cargo,Livestock Carrier,136,12892,13,299,53,13,0,0,29,44,100000,Low,0
333,ServiceVessel,Tug,36,312,66,1,76,0,288,0,24,76,131000,Low,0
334,ServiceVessel,Tug,29,154,55,1,297,0,67,31,1,5000,186000,Low,0
335,ServiceVessel,Tug,26,151,54,82,47,0,236,21,26,43,2000,Low,0
336,ServiceVessel,Tug,49,859,52,181,181,0,3,0,20,216,26000,Low,0
337,ServiceVessel,Tug,27,158,51,14,76,0,275,0,12,153,1000,Low,0
338,ServiceVessel,Tug,37,349,49,265,16,0,84,19,8,49,16000,Low,0
339,ServiceVessel,Tug,47,638,49,125,224,0,16,0,24,225,15000,Low,0
340,ServiceVessel,Tug,31,227,47,163,163,0,39,1,50,77,24000,Low,0
341,ServiceVessel,Tug,31,238,46,281,66,0,18,4,12,133,17000,Low,0
342,ServiceVessel,Tug,36,295,41,180,182,0,3,1,49,89,13000,Low,0
343,ServiceVessel,Tug,26,129,45,209,143,0,13,2,12,287,11000,Low,0
344,ServiceVessel,Tug,29,195,52,37,23,0,305,231,19,29,1000,Low,0
345,ServiceVessel,Tug,29,195,47,3,235,0,127,19,23,245,500,Low,0
346,ServiceVessel,Tug,40,499,44,0,327,0,38,0,7,699,2000,Low,0
347,ServiceVessel,Tug,28,207,44,0,347,0,18,0,3,350,900,Low,0
348,ServiceVessel,Tug,37,435,42,170,194,0,1,0,34,137,21000,Low,0
349,ServiceVessel,Tug,34,199,42,136,14,0,215,7,1,340,2000,Low,0
350,ServiceVessel,Tug,36,354,42,2,324,0,39,0,18,383,2000,Low,0
351,ServiceVessel,Tug,29,181,43,4,349,0,12,0,32,261,366000,Low,0
352,ServiceVessel,Tug,28,218,41,2,264,0,99,0,19,320,2000,Low,0
353,ServiceVessel,Tug,32,266,40,8,199,0,158,0,47,94,2000,Low,0
354,ServiceVessel,Tug,41,487,29,335,25,0,5,1,13,46,20000,Low,0
355,ServiceVessel,Tug,25,154,60,1,333,0,31,0,14,514,2000,Low,0
356,ServiceVessel,Tug,36,389,39,15,343,0,7,0,36,206,2000,Low,0
357,ServiceVessel,Tug,35,481,39,0,313,0,52,0,7,1,500,Low,0
358,ServiceVessel,Tug,52,841,38,171,61,0,133,23,29,50,12000,Low,0
359,ServiceVessel,Tug,51,841,38,98,60,0,207,35,32,45,7000,Low,0
360,ServiceVessel,Tug,33,429,35,4,353,0,8,0,17,413,2000,Low,0
361,ServiceVessel,Tug,59,1178,35,20,135,0,210,44,11,295,1000,Low,0
362,ServiceVessel,Tug,28,124,33,287,72,0,6,2,41,42,2000,Low,0
363,ServiceVessel,Tug,31,263,33,240,111,0,14,3,71,38,5000,Low,0
364,ServiceVessel,Tug,69,2388,33,219,139,0,7,0,8,418,400,Low,0
365,ServiceVessel,Tug,35,464,37,1,112,0,252,0,18,150,800,Low,0
366,ServiceVessel,Tug,35,464,37,2,125,0,238,0,24,126,1000,Low,0
367,ServiceVessel,Tug,36,333,35,0,261,0,104,0,2,3,400,Low,0
368,ServiceVessel,Tug,34,331,28,271,94,0,0,0,31,73,2000,Low,0
369,ServiceVessel,Tug,31,364,33,2,348,0,15,0,3,2000,1000,Low,0
370,ServiceVessel,Tug,28,220,33,83,55,0,227,1,22,58,7000,Low,0
371,ServiceVessel,Tug,36,278,43,91,99,0,175,0,20,119,1000,Low,0
372,ServiceVessel,Tug,23,112,43,18,337,0,10,0,98,82,4000,Low,0
373,ServiceVessel,Tug,23,111,43,91,66,0,208,20,20,79,3000,Low,0
374,ServiceVessel,Tug,25,188,32,1,333,0,31,0,14,514,2000,Low,0
375,ServiceVessel,Tug,28,220,32,2,324,0,39,0,31,246,600,Low,0
376,ServiceVessel,Tug,30,188,31,3,287,0,75,0,39,170,1000,Low,0
377,ServiceVessel,Tug,26,298,31,187,78,0,100,10,34,55,7000,Low,0
378,ServiceVessel,Tug,29,219,31,57,29,0,279,14,11,62,4000,Low,0
379,ServiceVessel,Tug,38,441,29,329,0,0,36,10,0,0,3000,Low,0
380,ServiceVessel,Tug,24,129,28,3,328,0,34,0,16,485,700,Low,0
381,ServiceVessel,Tug,36,333,23,1,307,0,57,0,21,341,500,Low,0
382,ServiceVessel,Tug,55,1658,17,171,190,0,4,1,37,123,16000,Low,0
383,ServiceVessel,Tug,26,186,16,10,318,0,37,12,144,51,2000,Low,0
384,ServiceVessel,Tug,26,186,17,8,305,0,52,5,115,62,1000,Low,0
385,ServiceVessel,Tug,30,234,15,271,94,0,0,0,25,90,5000,Low,0
386,ServiceVessel,Tug,32,327,15,237,128,0,0,0,42,73,21000,Low,0
387,ServiceVessel,Tug,32,362,14,137,58,0,170,3,33,42,2000,Low,0
388,ServiceVessel,Tug,32,362,14,294,35,0,36,1,2,423,800,Low,0
389,ServiceVessel,Tug,23,217,14,4,126,0,235,1,15,201,700,Low,0
390,ServiceVessel,Tug,30,341,13,183,167,0,15,0,104,38,9000,Low,0
391,ServiceVessel,Tug,38,495,12,73,283,0,9,0,259,26,9000,Low,0
392,ServiceVessel,Tug,30,455,12,68,285,0,12,0,198,32,9000,Low,0
393,ServiceVessel,Tug,37,382,11,76,48,0,241,237,25,44,3000,Low,0
394,ServiceVessel,Tug,29,294,10,19,346,0,0,0,228,36,5000,Low,0
395,ServiceVessel,Tug,32,327,6,212,153,0,0,0,85,43,22000,Low,0
396,ServiceVessel,Tug,28,293,5,13,352,0,0,0,40,211,2000,Low,0
397,ServiceVessel,Tug,30,394,4,28,148,0,189,13,6,389,800,Low,0
398,ServiceVessel,Tug,30,499,2,7,358,0,0,0,39,173,800,Low,0
399,ServiceVessel,Tug,30,499,2,345,2,0,18,0,1,40,500,Low,0
400,Tanker,Crude Oil Tanker,246,63051,22,191,6,135,33,5,3,48,35000,Moderate,1
401,Tanker,Crude Oil Tanker,249,62569,23,12,15,175,163,0,1,370,600,Low,0
402,Tanker,Crude Oil Tanker,274,81270,21,85,12,268,0,0,9,33,18000,Low,0
403,Tanker,Crude Oil Tanker,252,64259,20,205,36,111,13,11,25,33,51000,Low,0
404,Tanker,Crude Oil Tanker,281,84315,19,181,55,127,2,1,10,131,41000,Low,0
405,Tanker,Crude Oil Tanker,250,62586,20,189,26,141,9,0,19,32,54000,Low,0
406,Tanker,Crude Oil Tanker,250,62586,20,197,29,139,0,0,24,28,58000,Low,0
407,Tanker,Crude Oil Tanker,241,56365,20,177,49,138,1,0,33,34,40000,Low,0
408,Tanker,Crude Oil Tanker,275,82647,19,129,64,165,7,3,18,83,28000,Low,0
409,Tanker,Crude Oil Tanker,244,58156,19,133,40,153,39,1,20,35,31000,Low,0
410,Tanker,Crude Oil Tanker,250,62320,19,174,38,152,1,0,21,0,44000,Low,0
411,Tanker,Crude Oil Tanker,244,57296,18,210,57,95,3,0,23,57,56000,Low,0
412,Tanker,Crude Oil Tanker,244,57162,18,193,47,103,22,0,21,48,50000,Low,0
413,Tanker,Crude Oil Tanker,274,81076,18,231,18,108,8,8,15,27,56000,Low,0
414,Tanker,Crude Oil Tanker,244,58156,17,205,48,109,3,0,24,45,52000,Low,0
415,Tanker,Crude Oil Tanker,246,57711,17,229,52,47,37,17,29,42,61000,Low,0
416,Tanker,Crude Oil Tanker,244,57248,18,213,30,117,5,1,20,33,52000,Low,0
417,Tanker,Crude Oil Tanker,244,57248,18,239,45,64,17,10,26,34,63000,Low,0
418,Tanker,Crude Oil Tanker,243,56146,18,149,119,73,24,23,24,113,38000,Moderate,1
419,Tanker,Crude Oil Tanker,277,83722,16,211,61,84,9,5,11,130,54000,Low,0
420,Tanker,Crude Oil Tanker,243,60208,17,164,51,104,46,3,29,42,39000,Moderate,1
421,Tanker,Crude Oil Tanker,274,81339,16,225,35,70,35,0,12,55,56000,Low,0
422,Tanker,Crude Oil Tanker,249,62241,16,185,61,119,0,0,108,13,50000,Low,0
423,Tanker,Crude Oil Tanker,245,61653,16,199,77,76,13,1,32,56,52000,Low,0
424,Tanker,Crude Oil Tanker,244,59158,17,207,28,121,9,5,19,33,48000,Low,0
425,Tanker,Crude Oil Tanker,249,61348,17,236,25,89,15,2,13,43,52000,Low,0
426,Tanker,Crude Oil Tanker,244,59158,17,190,92,83,0,0,33,65,49000,Low,0
427,Tanker,Crude Oil Tanker,247,59315,15,190,45,120,10,7,27,39,48000,Low,0
428,Tanker,Crude Oil Tanker,249,61473,16,242,60,60,3,1,16,77,54000,Low,0
429,Tanker,Crude Oil Tanker,249,61473,16,142,47,159,17,5,21,48,28000,Low,0
430,Tanker,Crude Oil Tanker,244,60195,15,133,40,153,39,1,20,35,31000,Low,0
431,Tanker,Crude Oil Tanker,244,58418,16,203,48,86,28,0,30,38,50000,Low,0
432,Tanker,Crude Oil Tanker,240,57462,16,176,50,139,0,0,20,58,42000,Low,0
433,Tanker,Crude Oil Tanker,250,62775,15,123,67,167,8,1,28,57,32000,Low,0
434,Tanker,Crude Oil Tanker,244,59258,14,193,47,103,22,0,21,48,50000,Low,0
435,Tanker,Crude Oil Tanker,250,62775,14,223,44,97,1,0,26,35,56000,Low,0
436,Tanker,Crude Oil Tanker,250,62775,14,221,54,85,5,0,24,42,57000,Low,0
437,Tanker,Crude Oil Tanker,274,81384,14,200,28,112,25,11,16,38,51000,Low,0
438,Tanker,Crude Oil Tanker,250,61248,14,156,43,164,2,0,20,30,37000,Low,0
439,Tanker,Crude Oil Tanker,243,60185,14,194,55,102,14,11,57,21,50000,Low,0
440,Tanker,Crude Oil Tanker,243,60185,14,212,53,86,14,11,44,27,55000,Low,0
441,Tanker,Crude Oil Tanker,250,61341,14,140,71,145,9,3,36,46,33000,Low,0
442,Tanker,Crude Oil Tanker,249,61341,13,227,56,82,0,0,32,41,58000,Low,0
443,Tanker,Crude Oil Tanker,244,60379,13,169,38,153,5,5,38,24,45000,Low,0
444,Tanker,Crude Oil Tanker,244,60379,13,193,42,122,8,7,29,32,53000,Low,0
445,Tanker,Crude Oil Tanker,250,62775,14,219,34,110,2,0,16,38,60000,Low,0
446,Tanker,Crude Oil Tanker,250,62775,13,127,60,176,2,1,31,44,61000,Low,0
447,Tanker,Crude Oil Tanker,249,61248,12,146,48,165,6,3,20,37,36000,Low,0
448,Tanker,Crude Oil Tanker,274,81493,11,207,131,27,0,2,19,103,58000,Low,0
449,Tanker,Crude Oil Tanker,244,60205,11,161,57,111,36,0,34,40,41000,Low,0
450,Tanker,Crude Oil Tanker,274,85362,13,178,23,160,4,2,8,55,44000,Low,0
451,Tanker,Crude Oil Tanker,274,83850,12,181,24,105,55,48,8,66,38000,High,1
452,Tanker,Crude Oil Tanker,249,61332,12,214,34,106,11,7,17,42,55000,Low,0
453,Tanker,Crude Oil Tanker,274,81380,12,228,23,110,4,5,9,31,53000,Low,0
454,Tanker,Crude Oil Tanker,274,81380,11,227,62,74,2,2,17,80,59000,Low,0
455,Tanker,Crude Oil Tanker,274,81380,11,169,51,106,39,11,28,42,2000,Low,0
456,Tanker,Crude Oil Tanker,274,81380,10,171,26,163,5,3,13,46,44000,Low,0
457,Tanker,Crude Oil Tanker,274,81833,10,229,36,91,9,0,13,40,62000,Moderate,1
458,Tanker,Crude Oil Tanker,274,81509,12,194,47,109,15,12,20,51,48000,Low,0
459,Tanker,Crude Oil Tanker,249,61242,12,215,30,116,4,3,23,29,55000,Low,0
460,Tanker,Crude Oil Tanker,249,61242,11,183,60,101,21,2,24,57,47000,Low,0
461,Tanker,Crude Oil Tanker,249,61320,11,179,76,98,12,11,27,68,43000,Low,0
462,Tanker,Crude Oil Tanker,274,81542,6,218,26,96,25,0,13,45,62000,Low,0
463,Tanker,Crude Oil Tanker,250,62350,6,173,46,126,20,0,17,65,42000,Low,0
464,Tanker,Crude Oil Tanker,274,82361,6,248,48,69,0,0,19,52,66000,Low,0
465,Tanker,Crude Oil Tanker,279,82648,6,252,36,65,12,0,17,50,63000,Low,0
466,Tanker,Crude Oil Tanker,250,61000,6,194,84,87,0,1,24,82,48000,Low,0
467,Tanker,Crude Oil Tanker,256,62000,6,188,59,115,3,0,33,39,51000,Low,0
468,Tanker,Crude Oil Tanker,250,60000,6,186,44,76,59,13,26,40,44000,Low,0
469,Tanker,Crude Oil Tanker,274,84500,6,228,32,76,29,2,11,58,60000,Low,0
470,Tanker,Crude Oil Tanker,250,63500,5,199,33,112,21,13,17,38,45000,Low,0
471,Tanker,Crude Oil Tanker,250,62000,6,232,44,77,12,0,22,39,61000,Low,0
472,Tanker,Crude Oil Tanker,276,82077,6,185,38,137,5,3,19,40,45000,Low,0
473,Tanker,Crude Oil Tanker,250,63000,5,197,60,75,33,3,27,47,55000,Low,0
474,Tanker,Crude Oil Tanker,277,84500,5,249,38,76,2,1,17,49,67000,Low,0
475,Tanker,Crude Oil Tanker,277,84500,5,160,95,108,2,0,22,103,45000,Low,0
476,Tanker,Crude Oil Tanker,237,60435,3,196,43,110,16,14,22,43,47000,Low,0
477,Tanker,Crude Oil Tanker,274,82891,2,212,29,93,31,20,14,33,61000,Low,0
478,Tanker,LPG Tanker,93,1621,38,62,89,183,31,0,19,94,8000,Low,0
479,Tanker,LPG Tanker,158,11822,32,90,76,186,13,6,30,60,23000,Low,0
480,Tanker,LPG Tanker,101,3096,30,64,82,196,23,2,24,77,12000,Low,0
481,Tanker,LPG Tanker,99,3733,30,86,120,129,30,3,50,57,24000,Low,0
482,Tanker,LPG Tanker,113,4822,30,101,101,139,24,4,45,52,25000,Low,0
483,Tanker,LPG Tanker,96,2926,28,53,215,44,53,53,23,224,11000,Moderate,1
484,Tanker,LPG Tanker,97,4054,27,88,34,228,15,13,27,30,20000,High,1
485,Tanker,LPG Tanker,115,4924,27,94,33,237,1,3,39,21,16000,High,1
486,Tanker,LPG Tanker,99,4201,24,144,70,137,14,1,33,51,33000,Low,0
487,Tanker,LPG Tanker,99,4402,26,117,19,185,44,15,10,45,26000,Low,0
488,Tanker,LPG Tanker,146,10692,24,167,63,133,2,0,31,49,55000,Low,0
489,Tanker,LPG Tanker,119,6051,25,154,84,127,0,0,36,56,42000,Low,0
490,Tanker,LPG Tanker,100,5255,22,136,143,81,5,0,102,34,38000,Low,0
491,Tanker,LPG Tanker,120,6694,21,171,81,109,4,0,40,48,43000,Low,0
492,Tanker,LPG Tanker,120,6502,21,167,83,111,4,2,47,42,38000,Low,0
493,Tanker,LPG Tanker,115,5945,16,182,95,81,7,0,44,52,47000,Low,0
494,Tanker,LPG Tanker,180,25994,18,222,31,111,1,0,30,25,69000,Low,0
495,Tanker,LPG Tanker,120,7218,17,158,25,140,42,25,13,46,24000,Low,0
496,Tanker,LPG Tanker,99,4779,16,210,66,76,13,1,62,25,55000,Low,0
497,Tanker,LPG Tanker,205,36459,15,223,43,93,6,3,26,40,69000,Low,0
498,Tanker,LPG Tanker,115,5970,15,177,102,78,8,2,56,44,52000,Low,0
499,Tanker,LPG Tanker,154,16808,14,233,77,53,2,2,66,28,70000,Low,0
500,Tanker,LPG Tanker,174,22978,14,183,43,139,0,0,28,37,52000,Low,0
501,Tanker,LPG Tanker,174,22978,13,182,54,129,0,0,36,36,52000,Low,0
502,Tanker,LPG Tanker,174,22978,12,180,40,145,0,0,22,32,40000,Moderate,1
503,Tanker,LPG Tanker,120,9142,12,134,95,131,5,1,50,46,37000,Low,0
504,Tanker,LPG Tanker,100,4312,12,194,30,139,2,1,22,33,48000,Low,0
505,Tanker,LPG Tanker,120,9142,12,119,107,115,24,1,50,51,31000,Low,0
506,Tanker,LPG Tanker,120,9160,13,128,123,108,6,1,61,47,33000,Low,0
507,Tanker,LPG Tanker,143,12819,10,163,56,146,0,0,36,38,46000,Low,0
508,Tanker,LPG Tanker,143,12819,10,216,77,69,3,0,24,77,58000,Low,0
509,Tanker,LPG Tanker,100,5036,11,184,61,82,38,5,61,24,48000,Low,0
510,Tanker,LPG Tanker,119,5844,12,178,93,83,11,0,49,46,52000,Low,0
511,Tanker,LPG Tanker,117,5296,12,163,87,113,2,3,53,39,40000,Low,0
512,Tanker,LPG Tanker,113,8009,11,140,93,132,0,0,56,40,37000,Low,0
513,Tanker,LPG Tanker,120,7891,11,144,75,138,8,3,43,41,36000,Low,0
514,Tanker,LPG Tanker,146,13549,6,202,65,98,0,0,26,60,58000,Low,0
515,Tanker,LPG Tanker,119,5859,9,99,131,98,37,16,68,45,30000,Low,0
516,Tanker,LPG Tanker,147,13794,8,91,37,195,42,37,18,46,26000,Low,0
517,Tanker,LPG Tanker,100,4748,8,136,105,115,9,1,75,34,34000,Low,0
518,Tanker,LPG Tanker,199,37366,8,242,44,75,4,2,28,38,77000,Low,0
519,Tanker,LPG Tanker,113,6220,7,128,50,186,1,1,33,35,35000,Low,0
520,Tanker,LPG Tanker,119,5849,7,148,121,85,11,1,57,50,39000,Low,0
521,Tanker,LPG Tanker,147,25000,6,149,39,177,0,0,23,41,43000,Low,0
522,Tanker,LPG Tanker,180,25100,6,259,50,52,4,0,31,38,70000,Low,0
523,Tanker,Oil or Chemicals Tanker,114,5285,41,186,76,49,54,42,32,57,48000,Low,0
524,Tanker,Oil or Chemicals Tanker,118,4297,34,209,92,63,1,1,48,46,56000,Low,0
525,Tanker,Oil or Chemicals Tanker,102,3998,32,208,73,81,3,0,35,49,52000,Low,0
526,Tanker,Oil or Chemicals Tanker,96,3204,30,122,126,110,7,3,90,34,32000,Low,0
527,Tanker,Oil or Chemicals Tanker,118,4297,32,121,165,74,5,1,37,107,31000,Low,0
528,Tanker,Oil or Chemicals Tanker,97,3335,27,109,141,102,13,0,78,44,28000,Low,0
529,Tanker,Oil or Chemicals Tanker,112,4989,31,26,4,9,326,0,3,31,5000,Moderate,1
530,Tanker,Oil or Chemicals Tanker,114,5499,30,177,118,64,6,1,64,44,38000,Low,0
531,Tanker,Oil or Chemicals Tanker,114,5401,30,96,138,73,58,1,72,45,23000,Low,0
532,Tanker,Oil or Chemicals Tanker,115,4065,29,53,101,204,7,0,54,45,13000,Low,0
533,Tanker,Oil or Chemicals Tanker,84,2108,29,152,68,115,30,5,28,58,30000,Low,0
534,Tanker,Oil or Chemicals Tanker,116,4450,28,159,74,98,34,1,61,29,36000,Low,0
535,Tanker,Oil or Chemicals Tanker,100,3419,27,118,136,101,10,3,108,30,32000,Low,0
536,Tanker,Oil or Chemicals Tanker,121,6085,27,116,145,59,45,1,65,54,26000,Low,0
537,Tanker,Oil or Chemicals Tanker,100,4128,27,128,131,94,12,2,85,36,30000,Low,0
538,Tanker,Oil or Chemicals Tanker,107,4425,25,101,144,120,0,0,91,38,25000,Low,0
539,Tanker,Oil or Chemicals Tanker,117,4896,25,192,84,86,3,0,48,42,50000,Moderate,1
540,Tanker,Oil or Chemicals Tanker,104,4667,24,159,118,74,14,0,73,39,40000,Low,0
541,Tanker,Oil or Chemicals Tanker,120,7274,25,24,9,6,326,0,6,35,6000,Low,0
542,Tanker,Oil or Chemicals Tanker,87,2346,25,116,82,135,32,16,37,52,30000,Low,0
543,Tanker,Oil or Chemicals Tanker,103,3653,24,147,118,96,4,0,118,24,33000,Low,0
544,Tanker,Oil or Chemicals Tanker,119,5006,23,193,99,71,2,0,81,29,47000,Low,0
545,Tanker,Oil or Chemicals Tanker,114,4336,22,149,63,123,30,1,37,41,35000,Low,0
546,Tanker,Oil or Chemicals Tanker,100,3616,22,174,133,58,0,0,107,30,50000,Low,0
547,Tanker,Oil or Chemicals Tanker,114,4430,20,125,128,111,1,0,73,42,34000,Low,0
548,Tanker,Oil or Chemicals Tanker,92,2654,22,132,64,159,10,0,47,33,28000,Low,0
549,Tanker,Oil or Chemicals Tanker,92,2659,21,29,66,260,10,3,19,83,6000,Low,0
550,Tanker,Oil or Chemicals Tanker,114,4401,21,93,75,195,2,0,49,37,23000,High,1
551,Tanker,Oil or Chemicals Tanker,110,2982,21,104,160,101,0,0,103,37,24000,Low,0
552,Tanker,Oil or Chemicals Tanker,100,3616,22,144,121,91,9,3,86,33,41000,Low,0
553,Tanker,Oil or Chemicals Tanker,100,4412,20,202,106,39,18,0,59,43,52000,Low,0
554,Tanker,Oil or Chemicals Tanker,117,5145,20,191,130,37,7,0,49,63,53000,Low,0
555,Tanker,Oil or Chemicals Tanker,109,3547,20,236,89,37,3,2,86,25,56000,Low,0
556,Tanker,Oil or Chemicals Tanker,100,2919,20,129,71,147,18,2,38,44,27000,Low,0
557,Tanker,Oil or Chemicals Tanker,107,3981,19,98,119,136,12,1,67,35,19000,Low,0
558,Tanker,Oil or Chemicals Tanker,96,2798,19,117,81,144,23,4,37,53,22000,Low,0
559,Tanker,Oil or Chemicals Tanker,112,5384,20,199,95,40,31,3,62,36,49000,Low,0
560,Tanker,Oil or Chemicals Tanker,105,3997,20,102,159,95,9,0,69,34,25000,High,1
561,Tanker,Oil or Chemicals Tanker,112,5359,19,141,111,83,30,2,53,50,38000,Low,0
562,Tanker,Oil or Chemicals Tanker,106,3906,18,199,103,62,1,1,65,38,52000,Low,0
563,Tanker,Oil or Chemicals Tanker,106,4077,19,106,92,94,73,0,62,36,24000,Moderate,1
564,Tanker,Oil or Chemicals Tanker,93,2579,18,45,123,113,84,0,24,123,10000,High,1
565,Tanker,Oil or Chemicals Tanker,97,2815,19,66,241,36,22,0,120,48,16000,Low,0
566,Tanker,Oil or Chemicals Tanker,119,4745,19,168,106,90,1,0,50,50,44000,Low,0
567,Tanker,Oil or Chemicals Tanker,119,4816,18,229,102,29,5,0,28,87,68000,Low,0
568,Tanker,Oil or Chemicals Tanker,88,2314,19,147,127,85,6,3,93,33,35000,Low,0
569,Tanker,Oil or Chemicals Tanker,96,2890,18,160,92,90,23,3,68,32,35000,Low,0
570,Tanker,Oil or Chemicals Tanker,105,4077,18,195,103,67,0,0,103,244,31000,Low,0
571,Tanker,Oil or Chemicals Tanker,100,3171,18,168,100,85,12,2,93,26,41000,Low,0
572,Tanker,Oil or Chemicals Tanker,106,4022,18,208,82,62,13,0,70,28,52000,Low,0
573,Tanker,Oil or Chemicals Tanker,106,3934,17,122,122,112,9,0,39,75,23000,Low,0
574,Tanker,Oil or Chemicals Tanker,109,3981,16,120,129,112,4,1,39,80,26000,Low,0
575,Tanker,Oil or Chemicals Tanker,116,7687,16,156,144,61,4,0,62,55,42000,Low,0
576,Tanker,Oil or Chemicals Tanker,116,7687,16,78,97,89,101,3,23,101,20000,Low,0
577,Tanker,Oil or Chemicals Tanker,119,4798,18,169,91,104,1,0,46,48,47000,Low,0
578,Tanker,Oil or Chemicals Tanker,121,5271,16,103,97,126,39,0,42,55,23000,Low,0
579,Tanker,Oil or Chemicals Tanker,117,5200,15,175,92,45,53,15,43,51,57000,Low,0
580,Tanker,Oil or Chemicals Tanker,107,3997,16,208,94,62,1,1,69,33,46000,High,1
581,Tanker,Oil or Chemicals Tanker,106,3974,16,139,137,88,1,0,68,48,33000,Low,0
582,Tanker,Oil or Chemicals Tanker,107,3988,17,147,161,54,3,0,40,97,35000,Low,0
583,Tanker,Oil or Chemicals Tanker,107,3999,16,206,94,65,0,0,75,30,49000,Low,0
584,Tanker,Oil or Chemicals Tanker,93,2603,15,196,97,71,1,0,68,34,45000,Low,0
585,Tanker,Oil or Chemicals Tanker,101,5713,15,142,79,134,10,8,58,29,34000,Low,0
586,Tanker,Oil or Chemicals Tanker,117,6764,15,146,101,98,20,3,56,41,33000,Low,0
587,Tanker,Oil or Chemicals Tanker,106,4001,14,169,111,84,1,1,51,52,42000,Low,0
588,Tanker,Oil or Chemicals Tanker,120,4752,14,174,138,47,6,0,53,62,46000,Low,0
589,Tanker,Oil or Chemicals Tanker,100,5031,15,179,87,99,0,1,66,31,41000,Low,0
590,Tanker,Oil or Chemicals Tanker,100,5031,15,184,97,81,3,2,80,29,37000,Low,0
591,Tanker,Oil or Chemicals Tanker,105,4034,13,188,97,78,2,0,78,30,39000,Low,0
592,Tanker,Oil or Chemicals Tanker,108,3997,14,187,106,71,1,0,107,24,48000,Low,0
593,Tanker,Oil or Chemicals Tanker,107,3999,15,145,99,118,3,1,47,51,34000,Low,0
594,Tanker,Oil or Chemicals Tanker,106,4021,15,146,90,108,21,9,60,36,39000,Low,0
595,Tanker,Oil or Chemicals Tanker,112,4030,6,177,101,72,15,3,79,31,39000,Low,0
596,Tanker,Oil or Chemicals Tanker,92,3470,12,83,132,115,35,1,22,144,16000,Low,0
597,Tanker,Oil or Chemicals Tanker,120,4816,15,191,94,72,8,0,57,40,48000,Low,0
598,Tanker,Oil or Chemicals Tanker,95,2997,16,105,107,119,34,4,85,30,15000,Low,0
599,Tanker,Oil or Chemicals Tanker,118,6190,13,218,71,68,8,7,41,42,51000,Moderate,1
600,Tanker,Oil or Chemicals Tanker,107,3999,15,176,82,97,10,0,58,34,44000,Low,0
601,Tanker,Oil or Chemicals Tanker,120,5110,14,141,114,110,0,0,49,56,33000,Low,0
602,Tanker,Oil or Chemicals Tanker,120,8278,13,177,96,92,0,0,63,36,43000,Low,0
603,Tanker,Oil or Chemicals Tanker,100,5031,13,161,90,114,0,0,89,24,36000,Low,0
604,Tanker,Oil or Chemicals Tanker,120,4829,15,215,96,52,2,0,68,34,55000,Low,0
605,Tanker,Oil or Chemicals Tanker,109,4242,13,170,105,80,10,0,76,33,44000,Low,0
606,Tanker,Oil or Chemicals Tanker,120,4829,14,198,113,52,2,0,64,42,49000,Low,0
607,Tanker,Oil or Chemicals Tanker,120,4829,14,212,97,56,0,0,71,33,51000,Low,0
608,Tanker,Oil or Chemicals Tanker,106,3576,13,147,121,92,5,5,168,17,32000,Low,0
609,Tanker,Oil or Chemicals Tanker,100,3308,13,170,98,95,2,2,87,27,37000,Low,0
610,Tanker,Oil or Chemicals Tanker,100,3308,10,178,97,86,4,0,77,30,34000,Low,0
611,Tanker,Oil or Chemicals Tanker,93,2607,14,183,101,81,0,0,50,49,37000,Low,0
612,Tanker,Oil or Chemicals Tanker,109,4263,14,154,83,123,5,4,56,36,38000,Low,0
613,Tanker,Oil or Chemicals Tanker,109,4263,13,116,88,153,8,2,48,44,30000,Low,0
614,Tanker,Oil or Chemicals Tanker,118,6153,14,141,89,86,49,44,63,34,32000,Low,0
615,Tanker,Oil or Chemicals Tanker,119,4765,13,154,115,94,2,0,96,29,37000,Moderate,1
616,Tanker,Oil or Chemicals Tanker,97,3280,13,149,99,108,9,1,71,33,35000,Low,0
617,Tanker,Oil or Chemicals Tanker,109,4242,13,188,123,52,2,2,57,52,42000,Low,0
618,Tanker,Oil or Chemicals Tanker,107,3999,13,142,86,122,15,13,54,38,33000,Low,0
619,Tanker,Oil or Chemicals Tanker,110,4908,13,176,101,87,1,0,80,30,43000,Low,0
620,Tanker,Oil or Chemicals Tanker,100,4165,13,207,95,59,4,0,72,32,48000,Low,0
621,Tanker,Oil or Chemicals Tanker,109,4242,12,170,105,87,3,0,58,44,44000,Low,0
622,Tanker,Oil or Chemicals Tanker,118,6200,6,157,90,93,25,12,48,45,37000,Low,0
623,Tanker,Oil Products Tanker,77,1665,49,24,0,62,279,0,0,0,2000,Low,0
624,Tanker,Oil Products Tanker,81,1794,47,32,80,240,13,10,4,480,3000,High,1
625,Tanker,Oil Products Tanker,80,1975,43,14,73,8,270,3,4,435,3000,Low,0
626,Tanker,Oil Products Tanker,81,1941,42,72,11,251,31,2,9,31,11000,Moderate,1
627,Tanker,Oil Products Tanker,70,999,39,1,353,0,11,0,9,659,500,Low,0
628,Tanker,Oil Products Tanker,92,2699,39,136,120,98,11,0,80,25,30000,Low,0
629,Tanker,Oil Products Tanker,78,1902,38,25,93,8,239,0,3,741,100,Low,0
630,Tanker,Oil Products Tanker,89,1477,39,133,39,48,145,24,19,49,17000,Low,0
631,Tanker,Oil Products Tanker,138,4401,39,122,42,179,22,3,17,60,11000,Low,0
632,Tanker,Oil Products Tanker,138,4402,36,120,27,175,43,9,17,38,16000,Low,0
633,Tanker,Oil Products Tanker,133,4059,53,136,39,102,88,13,20,47,22000,Low,0
634,Tanker,Oil Products Tanker,123,2863,38,31,43,114,177,40,3,343,3000,High,1
635,Tanker,Oil Products Tanker,91,3368,26,110,24,161,70,69,29,20,16000,Moderate,1
636,Tanker,Oil Products Tanker,102,3630,25,57,94,211,3,1,18,124,8000,Low,0
637,Tanker,Oil Products Tanker,105,5281,25,101,154,110,0,0,81,45,24000,Low,0
638,Tanker,Oil Products Tanker,182,28534,23,91,94,118,62,48,8,37,15000,Low,0
639,Tanker,Oil Products Tanker,178,21353,21,71,33,148,113,54,16,50,16000,High,1
640,Tanker,Oil Products Tanker,171,22184,20,188,58,116,3,0,28,47,45000,Low,0
641,Tanker,Oil Products Tanker,176,25382,19,144,74,121,26,0,38,47,37000,Low,0
642,Tanker,Oil Products Tanker,180,25561,20,101,95,132,37,0,15,152,17000,Low,0
643,Tanker,Oil Products Tanker,182,28529,20,181,25,157,2,2,15,40,37000,Low,0
644,Tanker,Oil Products Tanker,182,28517,19,203,85,65,12,0,31,66,54000,High,1
645,Tanker,Oil Products Tanker,126,3584,19,38,41,185,101,48,15,66,5000,Low,0
646,Tanker,Oil Products Tanker,135,4535,21,133,31,171,30,2,18,41,17000,Low,0
647,Tanker,Oil Products Tanker,141,4378,21,131,20,104,110,30,11,43,18000,Low,0
648,Tanker,Oil Products Tanker,183,23298,18,168,86,107,4,4,40,51,46000,Low,0
649,Tanker,Oil Products Tanker,189,30971,18,234,54,70,7,5,31,42,56000,Low,0
650,Tanker,Oil Products Tanker,183,24048,17,147,48,119,51,47,24,48,36000,Moderate,1
651,Tanker,Oil Products Tanker,183,24048,17,160,64,139,2,0,32,48,37000,Low,0
652,Tanker,Oil Products Tanker,171,22184,17,154,69,140,2,0,31,53,39000,Low,0
653,Tanker,Oil Products Tanker,189,30965,17,127,99,110,29,4,31,76,35000,Low,0
654,Tanker,Oil Products Tanker,180,28245,18,183,37,134,11,10,29,30,50000,Low,0
655,Tanker,Oil Products Tanker,183,24048,17,179,74,84,28,2,38,45,44000,Low,0
656,Tanker,Oil Products Tanker,186,31500,16,165,101,94,5,0,18,135,40000,Low,0
657,Tanker,Oil Products Tanker,186,31433,16,161,83,114,7,0,30,64,46000,Low,0
658,Tanker,Oil Products Tanker,186,31433,16,175,76,114,0,0,25,73,43000,Moderate,1
659,Tanker,Oil Products Tanker,180,28069,16,146,75,76,68,24,31,58,37000,Low,0
660,Tanker,Oil Products Tanker,189,30965,16,165,73,118,9,1,29,60,40000,Low,0
661,Tanker,Oil Products Tanker,180,28056,15,183,44,109,29,27,23,46,47000,Low,0
662,Tanker,Oil Products Tanker,182,26900,14,188,63,107,7,5,20,76,43000,Low,0
663,Tanker,Oil Products Tanker,180,28799,16,200,87,70,8,0,21,98,57000,Low,0
664,Tanker,Oil Products Tanker,180,28085,15,172,101,84,8,6,30,81,41000,Low,0
665,Tanker,Oil Products Tanker,150,7833,16,154,88,113,10,9,37,57,30000,Low,0
666,Tanker,Oil Products Tanker,118,5036,15,82,96,136,51,7,50,46,23000,Low,0
667,Tanker,Oil Products Tanker,141,4378,14,70,22,172,101,7,20,27,15000,Low,0
668,Tanker,Oil Products Tanker,141,4376,12,115,16,201,33,1,13,30,17000,High,1
669,Tanker,Oil Products Tanker,141,4376,12,130,16,178,41,2,17,23,19000,High,1
670,Tanker,Oil Products Tanker,141,4376,12,99,22,165,79,2,28,19,17000,High,1
671,Tanker,Oil Products Tanker,141,4376,12,121,31,182,31,4,20,37,16000,High,1
672,Tanker,Oil Products Tanker,142,4793,13,136,78,113,38,0,63,30,32000,Low,0
673,Tanker,Oil Products Tanker,141,4792,12,112,40,202,11,0,35,28,13000,Low,0
674,Tanker,Oil Products Tanker,140,4531,11,77,45,167,76,9,24,45,13000,Low,0
675,Tanker,Oil Products Tanker,140,4541,10,96,19,162,88,3,15,31,11000,Low,0
676,Tanker,Oil Products Tanker,140,4531,7,76,36,196,57,22,19,46,11000,Low,0
677,Tanker,Oil Products Tanker,140,4531,7,76,37,153,99,4,25,35,11000,Low,0
678,Tanker,Oil Products Tanker,141,5075,11,82,79,188,16,0,26,59,15000,Low,0
679,Tanker,Oil Products Tanker,141,5075,11,150,43,151,21,2,26,39,26000,Low,0
680,Tanker,Oil Products Tanker,141,5075,11,139,77,142,7,0,57,27,24000,Low,0
681,Tanker,Oil Products Tanker,141,5075,11,100,73,124,68,2,35,50,19000,Low,0
682,Tanker,Oil Products Tanker,141,5075,11,132,59,129,45,3,26,52,22000,Low,0
683,Tanker,Oil Products Tanker,141,5075,11,102,102,139,22,1,27,86,18000,Low,0
684,Tanker,Oil Products Tanker,141,5075,11,141,61,128,35,9,30,49,26000,Low,0
685,Tanker,Oil Products Tanker,141,5075,11,101,60,175,29,0,23,63,18000,Low,0
686,Tanker,Oil Products Tanker,141,5075,11,122,95,142,6,0,29,79,21000,Low,0
687,Tanker,Oil Products Tanker,141,5075,11,105,71,165,24,1,26,66,17000,Low,0
688,Tanker,Oil Products Tanker,141,5075,11,99,67,156,43,1,21,72,16000,Low,0
689,Tanker,Oil Products Tanker,141,5075,11,136,124,90,15,0,65,46,24000,Low,0
690,Tanker,Oil Products Tanker,141,5075,10,129,75,147,14,1,33,54,20000,Low,0
691,Tanker,Oil Products Tanker,141,5075,10,160,106,78,21,3,57,44,28000,Low,0
692,Tanker,Oil Products Tanker,141,5075,10,107,70,158,30,3,26,65,20000,Low,0
693,Tanker,Oil Products Tanker,141,5075,10,138,79,114,34,25,31,59,24000,Low,0
694,Tanker,Oil Products Tanker,141,5089,10,110,37,121,97,3,31,29,25000,Low,0
695,Tanker,Oil Products Tanker,141,5075,10,141,69,126,29,0,52,32,29000,Low,0
696,Tanker,Oil Products Tanker,141,5075,9,60,87,151,67,23,24,87,9000,Low,0
697,Tanker,Oil Products Tanker,141,5075,9,89,43,169,64,7,16,64,15000,High,1
698,Tanker,Oil Products Tanker,141,5378,9,80,19,178,88,15,11,41,8000,High,1
699,Tanker,Oil Products Tanker,103,4577,7,91,47,202,25,14,29,39,13000,Low,0
700,Tanker,Oil Products Tanker,103,4568,6,128,48,186,3,0,30,37,22000,Low,0
701,Tanker,Oil Products Tanker,140,5075,7,68,63,153,81,0,34,44,13000,Low,0
702,Tanker,Oil Products Tanker,141,5000,5,120,34,201,10,1,24,34,16000,Low,0
703,Tanker,Oil Products Tanker,141,5000,5,122,98,140,5,0,52,45,24000,Low,0
704,Tanker,Oil Products Tanker,140,5090,6,73,177,101,14,0,23,179,11000,Low,0
